dataset,sample_id,original_id,split,question,choices,answer,text_context,image_ref,has_image,subject,topic,skill,evidence_type,modality_case,answer_format,source_task
ai2d,ai2d_test_000001,ai2d_test_000001,test,What is the uppermost layer of the earth called?,Crust | Inner Core | Outer Core | Upper Mantle,0: Crust,,hf://lmms-lab/ai2d-no-mask/test/000001,1,science,diagram,diagram_question_answering,image_only_context,question_with_image,multiple_choice,diagram_qa
ai2d,ai2d_test_000002,ai2d_test_000002,test,Which is the hottest layer?,E | B | D | C,2: D,,hf://lmms-lab/ai2d-no-mask/test/000002,1,science,diagram,diagram_question_answering,image_only_context,question_with_image,multiple_choice,diagram_qa
ai2d,ai2d_test_000003,ai2d_test_000003,test,Which layer is between crust and lower mantle?,B | E | C | D,1: E,,hf://lmms-lab/ai2d-no-mask/test/000003,1,science,diagram,diagram_question_answering,image_only_context,question_with_image,multiple_choice,diagram_qa
ai2d,ai2d_test_000004,ai2d_test_000004,test,What is represented y B?,none of the above | the mantle | the core | the crust,2: the core,,hf://lmms-lab/ai2d-no-mask/test/000004,1,science,diagram,diagram_question_answering,image_only_context,question_with_image,multiple_choice,diagram_qa
ai2d,ai2d_test_000005,ai2d_test_000005,test,What is the outermost layer?,core | none of the above | crust | mantle,2: crust,,hf://lmms-lab/ai2d-no-mask/test/000005,1,science,diagram,diagram_question_answering,image_only_context,question_with_image,multiple_choice,diagram_qa
ai2d,ai2d_test_000006,ai2d_test_000006,test,How many changes are shown in the diagram?,2 | 4 | 1 | 7,1: 4,,hf://lmms-lab/ai2d-no-mask/test/000006,1,science,diagram,diagram_question_answering,image_only_context,question_with_image,multiple_choice,diagram_qa
ai2d,ai2d_test_000007,ai2d_test_000007,test,The diagram shows the life cycle of a flea? What letter represents the dormant stage?,A | B | E | C,3: C,,hf://lmms-lab/ai2d-no-mask/test/000007,1,science,diagram,diagram_question_answering,image_only_context,question_with_image,multiple_choice,diagram_qa
ai2d,ai2d_test_000008,ai2d_test_000008,test,The diagram shows the life cycle of a flea? What letter represents the eggs?,E | A | C | B,0: E,,hf://lmms-lab/ai2d-no-mask/test/000008,1,science,diagram,diagram_question_answering,image_only_context,question_with_image,multiple_choice,diagram_qa
ai2d,ai2d_test_000009,ai2d_test_000009,test,which stage denotes female fleas ?,B | A | C | D,0: B,,hf://lmms-lab/ai2d-no-mask/test/000009,1,science,diagram,diagram_question_answering,image_only_context,question_with_image,multiple_choice,diagram_qa
ai2d,ai2d_test_000010,ai2d_test_000010,test,which stage denotes larvae ?,A | B | C | D,0: A,,hf://lmms-lab/ai2d-no-mask/test/000010,1,science,diagram,diagram_question_answering,image_only_context,question_with_image,multiple_choice,diagram_qa
ai2d,ai2d_test_000011,ai2d_test_000011,test,How many changes are shown in the cycle?,4 | 7 | 521 | 0,0: 4,,hf://lmms-lab/ai2d-no-mask/test/000011,1,science,diagram,diagram_question_answering,image_only_context,question_with_image,multiple_choice,diagram_qa
ai2d,ai2d_test_000012,ai2d_test_000012,test,On the diagram what does image B depict?,tadpole | eggs | froglet | adult frog,2: froglet,,hf://lmms-lab/ai2d-no-mask/test/000012,1,science,diagram,diagram_question_answering,image_only_context,question_with_image,multiple_choice,diagram_qa
ai2d,ai2d_test_000013,ai2d_test_000013,test,The egg stage can be found at what point?,A | D | C | B,0: A,,hf://lmms-lab/ai2d-no-mask/test/000013,1,science,diagram,diagram_question_answering,image_only_context,question_with_image,multiple_choice,diagram_qa
ai2d,ai2d_test_000014,ai2d_test_000014,test,What is represented at Point D?,Adult Frog | Froglet | Tadpole | Eggs,2: Tadpole,,hf://lmms-lab/ai2d-no-mask/test/000014,1,science,diagram,diagram_question_answering,image_only_context,question_with_image,multiple_choice,diagram_qa
ai2d,ai2d_test_000015,ai2d_test_000015,test,What letter on the diagram depicts the tadpole?,A | C | B | D,3: D,,hf://lmms-lab/ai2d-no-mask/test/000015,1,science,diagram,diagram_question_answering,image_only_context,question_with_image,multiple_choice,diagram_qa
ai2d,ai2d_test_000016,ai2d_test_000016,test,Which label indicates the moon during a lunar eclipse?,D | C | E | B,2: E,,hf://lmms-lab/ai2d-no-mask/test/000016,1,science,diagram,diagram_question_answering,image_only_context,question_with_image,multiple_choice,diagram_qa
ai2d,ai2d_test_000017,ai2d_test_000017,test,Label D represents,Rachis | Flower | Stem | Leaf,2: Stem,,hf://lmms-lab/ai2d-no-mask/test/000017,1,science,diagram,diagram_question_answering,image_only_context,question_with_image,multiple_choice,diagram_qa
ai2d,ai2d_test_000018,ai2d_test_000018,test,Rachis is represented using label,C | A | D | E,3: E,,hf://lmms-lab/ai2d-no-mask/test/000018,1,science,diagram,diagram_question_answering,image_only_context,question_with_image,multiple_choice,diagram_qa
ai2d,ai2d_test_000019,ai2d_test_000019,test,What is located on the top?,petiolule | rachis | stipules | leaflets,3: leaflets,,hf://lmms-lab/ai2d-no-mask/test/000019,1,science,diagram,diagram_question_answering,image_only_context,question_with_image,multiple_choice,diagram_qa
ai2d,ai2d_test_000020,ai2d_test_000020,test,Which is located at the bottom?,stem | stipules | petiole | rachis,0: stem,,hf://lmms-lab/ai2d-no-mask/test/000020,1,science,diagram,diagram_question_answering,image_only_context,question_with_image,multiple_choice,diagram_qa
ai2d,ai2d_test_000021,ai2d_test_000021,test,"At this time of year, where are the sun's rays generally the warmest?",At the tropic of Cancer | At the Equator | Below the antarctic circle | Above the arctic circle,0: At the tropic of Cancer,,hf://lmms-lab/ai2d-no-mask/test/000021,1,science,diagram,diagram_question_answering,image_only_context,question_with_image,multiple_choice,diagram_qa
ai2d,ai2d_test_000022,ai2d_test_000022,test,The letter B in the diagram represents?,The Tropic of Capricorn | The Equator | The Antarctic Circle | The Tropic of Cancer,1: The Equator,,hf://lmms-lab/ai2d-no-mask/test/000022,1,science,diagram,diagram_question_answering,image_only_context,question_with_image,multiple_choice,diagram_qa
ai2d,ai2d_test_000023,ai2d_test_000023,test,What is represented by letter B?,Tropic of Capricorn | Antarctic Circle | Equator | Tropic of Cancer,2: Equator,,hf://lmms-lab/ai2d-no-mask/test/000023,1,science,diagram,diagram_question_answering,image_only_context,question_with_image,multiple_choice,diagram_qa
ai2d,ai2d_test_000024,ai2d_test_000024,test,Where is the Arctic Circle on the diagram?,C | I | E | G,0: C,,hf://lmms-lab/ai2d-no-mask/test/000024,1,science,diagram,diagram_question_answering,image_only_context,question_with_image,multiple_choice,diagram_qa
ai2d,ai2d_test_000025,ai2d_test_000025,test,Metamorphic rock becomes magma through what process?,lithification | heat pressure | melting | weathering,2: melting,,hf://lmms-lab/ai2d-no-mask/test/000025,1,science,diagram,diagram_question_answering,image_only_context,question_with_image,multiple_choice,diagram_qa
ai2d,ai2d_test_000026,ai2d_test_000026,test,What happens after metamorphic rocks melt?,cooling | none of the above | sediments | magma,3: magma,,hf://lmms-lab/ai2d-no-mask/test/000026,1,science,diagram,diagram_question_answering,image_only_context,question_with_image,multiple_choice,diagram_qa
ai2d,ai2d_test_000027,ai2d_test_000027,test,What happens at stage J in the diagram?,weathering | cooling | melting | none of the above,2: melting,,hf://lmms-lab/ai2d-no-mask/test/000027,1,science,diagram,diagram_question_answering,image_only_context,question_with_image,multiple_choice,diagram_qa
ai2d,ai2d_test_000028,ai2d_test_000028,test,Which stage of the rock cycle is shown at A?,Metamorphic Rock | Sedimentary Rock | heat pressure | Magma,2: heat pressure,,hf://lmms-lab/ai2d-no-mask/test/000028,1,science,diagram,diagram_question_answering,image_only_context,question_with_image,multiple_choice,diagram_qa
ai2d,ai2d_test_000029,ai2d_test_000029,test,How many stages does an egg go through to become an adult?,5 | 6 | 3 | 8,2: 3,,hf://lmms-lab/ai2d-no-mask/test/000029,1,science,diagram,diagram_question_answering,image_only_context,question_with_image,multiple_choice,diagram_qa
ai2d,ai2d_test_000030,ai2d_test_000030,test,What stage is shown by A for the life cycle of a mealworm?,Pupa | Adult | Larva | Egg,0: Pupa,,hf://lmms-lab/ai2d-no-mask/test/000030,1,science,diagram,diagram_question_answering,image_only_context,question_with_image,multiple_choice,diagram_qa
ai2d,ai2d_test_000031,ai2d_test_000031,test,What is the completely dark portion of shadow by Earth during a Lunar eclipse called ?,Shade | Penumbra | Orbit | Umbra,3: Umbra,,hf://lmms-lab/ai2d-no-mask/test/000031,1,science,diagram,diagram_question_answering,image_only_context,question_with_image,multiple_choice,diagram_qa
ai2d,ai2d_test_000032,ai2d_test_000032,test,What are the parts found above the soil?,"root | fibrous root | Stem,flower and leaf | none oft  the above","2: Stem,flower and leaf",,hf://lmms-lab/ai2d-no-mask/test/000032,1,science,diagram,diagram_question_answering,image_only_context,question_with_image,multiple_choice,diagram_qa
ai2d,ai2d_test_000033,ai2d_test_000033,test,What organ does food pass through between label F and label I?,pharynx | esophagus | appendix | epiglottis,1: esophagus,,hf://lmms-lab/ai2d-no-mask/test/000033,1,science,diagram,diagram_question_answering,image_only_context,question_with_image,multiple_choice,diagram_qa
ai2d,ai2d_test_000034,ai2d_test_000034,test,What part passes food to the stomach?,Appendix | Small intestines | Esophagus | Liver,2: Esophagus,,hf://lmms-lab/ai2d-no-mask/test/000034,1,science,diagram,diagram_question_answering,image_only_context,question_with_image,multiple_choice,diagram_qa
ai2d,ai2d_test_000035,ai2d_test_000035,test,Where are the teeth located?,Appendix | Mouth | Liver | Stomach,1: Mouth,,hf://lmms-lab/ai2d-no-mask/test/000035,1,science,diagram,diagram_question_answering,image_only_context,question_with_image,multiple_choice,diagram_qa
ai2d,ai2d_test_000036,ai2d_test_000036,test,Which organ in the diagram represents the small intestine?,C | G | E | J,2: E,,hf://lmms-lab/ai2d-no-mask/test/000036,1,science,diagram,diagram_question_answering,image_only_context,question_with_image,multiple_choice,diagram_qa
ai2d,ai2d_test_000037,ai2d_test_000037,test,What do herbivore fishes consume?,sunshine | algae | other fish | meat,1: algae,,hf://lmms-lab/ai2d-no-mask/test/000037,1,science,diagram,diagram_question_answering,image_only_context,question_with_image,multiple_choice,diagram_qa
ai2d,ai2d_test_000038,ai2d_test_000038,test,What do predator fishes consume?,snakes | deer | bears | other fish,3: other fish,,hf://lmms-lab/ai2d-no-mask/test/000038,1,science,diagram,diagram_question_answering,image_only_context,question_with_image,multiple_choice,diagram_qa
ai2d,ai2d_test_000039,ai2d_test_000039,test,What eats algae?,herbivore fishes | predator fishes | predator inverts | planktivore fishes,0: herbivore fishes,,hf://lmms-lab/ai2d-no-mask/test/000039,1,science,diagram,diagram_question_answering,image_only_context,question_with_image,multiple_choice,diagram_qa
ai2d,ai2d_test_000040,ai2d_test_000040,test,Wht is at the top of the food web?,primary producers | 2nd predators | algae | predator fishes,1: 2nd predators,,hf://lmms-lab/ai2d-no-mask/test/000040,1,science,diagram,diagram_question_answering,image_only_context,question_with_image,multiple_choice,diagram_qa
ai2d,ai2d_test_000041,ai2d_test_000041,test,An aquatic food web is shown. Phytoplanktons are considered as ?,Producers | Consumers | Carnivores | Herbivores,0: Producers,,hf://lmms-lab/ai2d-no-mask/test/000041,1,science,diagram,diagram_question_answering,image_only_context,question_with_image,multiple_choice,diagram_qa
ai2d,ai2d_test_000042,ai2d_test_000042,test,An aquatic food web is shown. Which is necessary for the chain to continue throughout or you can say it as the parent of the food web without which the food web is nothing?,Fish | Herbivores Zooplanktons | Carnivores Zooplanktons | Phytoplanktons,3: Phytoplanktons,,hf://lmms-lab/ai2d-no-mask/test/000042,1,science,diagram,diagram_question_answering,image_only_context,question_with_image,multiple_choice,diagram_qa
ai2d,ai2d_test_000043,ai2d_test_000043,test,"Based on the given food chain, name the producer",zooplankton | large fish | small fish | phytoplankton,3: phytoplankton,,hf://lmms-lab/ai2d-no-mask/test/000043,1,science,diagram,diagram_question_answering,image_only_context,question_with_image,multiple_choice,diagram_qa
ai2d,ai2d_test_000044,ai2d_test_000044,test,Herbivores zooplanktons are included in which trophic level?,fourth | third | second | first,2: second,,hf://lmms-lab/ai2d-no-mask/test/000044,1,science,diagram,diagram_question_answering,image_only_context,question_with_image,multiple_choice,diagram_qa
ai2d,ai2d_test_000045,ai2d_test_000045,test,How does energy flow in this food chain?,Bait Fish to Large Fish | Neither | Phytoplankton to Fish | Both of the Above,0: Bait Fish to Large Fish,,hf://lmms-lab/ai2d-no-mask/test/000045,1,science,diagram,diagram_question_answering,image_only_context,question_with_image,multiple_choice,diagram_qa
ai2d,ai2d_test_000046,ai2d_test_000046,test,"In the diagram shown, which is the producer?",zooplankton | small fish | large fish | phytoplankton,3: phytoplankton,,hf://lmms-lab/ai2d-no-mask/test/000046,1,science,diagram,diagram_question_answering,image_only_context,question_with_image,multiple_choice,diagram_qa
ai2d,ai2d_test_000047,ai2d_test_000047,test,"In the diagram shown, which organism consumes the large fish for a food source?",phytoplankton | zooplankton | small fish | nothing,3: nothing,,hf://lmms-lab/ai2d-no-mask/test/000047,1,science,diagram,diagram_question_answering,image_only_context,question_with_image,multiple_choice,diagram_qa
ai2d,ai2d_test_000048,ai2d_test_000048,test,What creature is at the top of the food chain?,Large fish | Phytoplankton | Carnivorous zooplankton | Small fish,0: Large fish,,hf://lmms-lab/ai2d-no-mask/test/000048,1,science,diagram,diagram_question_answering,image_only_context,question_with_image,multiple_choice,diagram_qa
ai2d,ai2d_test_000049,ai2d_test_000049,test,What is the producer in the diagram?,Phytoplankton | Zooplankton | Large fish | Small fish,0: Phytoplankton,,hf://lmms-lab/ai2d-no-mask/test/000049,1,science,diagram,diagram_question_answering,image_only_context,question_with_image,multiple_choice,diagram_qa
ai2d,ai2d_test_000050,ai2d_test_000050,test,Which is the producer in the group?,Large fish | Zooplankton | Small fish | None of the above,3: None of the above,,hf://lmms-lab/ai2d-no-mask/test/000050,1,science,diagram,diagram_question_answering,image_only_context,question_with_image,multiple_choice,diagram_qa
ai2d,ai2d_test_000051,ai2d_test_000051,test,Which organisms in this food chain are predators?,Herbivorous Zooplankton | Large Fish | Phytoplankton | None of the Above,1: Large Fish,,hf://lmms-lab/ai2d-no-mask/test/000051,1,science,diagram,diagram_question_answering,image_only_context,question_with_image,multiple_choice,diagram_qa
ai2d,ai2d_test_000052,ai2d_test_000052,test,At what stage does the deer fly feed on blood?,Larvae | Eggs | Pupa | Adult,3: Adult,,hf://lmms-lab/ai2d-no-mask/test/000052,1,science,diagram,diagram_question_answering,image_only_context,question_with_image,multiple_choice,diagram_qa
ai2d,ai2d_test_000053,ai2d_test_000053,test,How long does it take to complete the pupa stage?,1-3 hours | 1-2 days | 2-4 months | 1-3 weeks,3: 1-3 weeks,,hf://lmms-lab/ai2d-no-mask/test/000053,1,science,diagram,diagram_question_answering,image_only_context,question_with_image,multiple_choice,diagram_qa
ai2d,ai2d_test_000054,ai2d_test_000054,test,The diagram depicts the life cycle of a deer fly. Which letter in the diagram shows the eggs?,D | E | A | B,3: B,,hf://lmms-lab/ai2d-no-mask/test/000054,1,science,diagram,diagram_question_answering,image_only_context,question_with_image,multiple_choice,diagram_qa
ai2d,ai2d_test_000055,ai2d_test_000055,test,The diagram shows four stages in the development of a deer fly.  What stage occurs between A & E?,Larvae | Eggs | Adult | Pupa,3: Pupa,,hf://lmms-lab/ai2d-no-mask/test/000055,1,science,diagram,diagram_question_answering,image_only_context,question_with_image,multiple_choice,diagram_qa
ai2d,ai2d_test_000056,ai2d_test_000056,test,Which life cycle stage of the deer fly is depicted at letter D?,Eggs | Adult | Larvae | Pupa,3: Pupa,,hf://lmms-lab/ai2d-no-mask/test/000056,1,science,diagram,diagram_question_answering,image_only_context,question_with_image,multiple_choice,diagram_qa
ai2d,ai2d_test_000057,ai2d_test_000057,test,What organ system is represented by the above diagram?,sexual system | vascular system | digestive system | limbic system,2: digestive system,,hf://lmms-lab/ai2d-no-mask/test/000057,1,science,diagram,diagram_question_answering,image_only_context,question_with_image,multiple_choice,diagram_qa
ai2d,ai2d_test_000058,ai2d_test_000058,test,Where is saliva produced?,kidneys | heart | liver | mouth,3: mouth,,hf://lmms-lab/ai2d-no-mask/test/000058,1,science,diagram,diagram_question_answering,image_only_context,question_with_image,multiple_choice,diagram_qa
ai2d,ai2d_test_000059,ai2d_test_000059,test,Which image represents Deltoid?,F | I | B | A,3: A,,hf://lmms-lab/ai2d-no-mask/test/000059,1,science,diagram,diagram_question_answering,image_only_context,question_with_image,multiple_choice,diagram_qa
ai2d,ai2d_test_000060,ai2d_test_000060,test,Which is the most narrow in this diagram?,Elliptical | Linear | Deltoid | Oval,1: Linear,,hf://lmms-lab/ai2d-no-mask/test/000060,1,science,diagram,diagram_question_answering,image_only_context,question_with_image,multiple_choice,diagram_qa
ai2d,ai2d_test_000061,ai2d_test_000061,test,Which leaf represents linear leaf?,G | F | H | E,2: H,,hf://lmms-lab/ai2d-no-mask/test/000061,1,science,diagram,diagram_question_answering,image_only_context,question_with_image,multiple_choice,diagram_qa
ai2d,ai2d_test_000062,ai2d_test_000062,test,What is the animal shown in the image?,fish | dog | cat | none of the above,0: fish,,hf://lmms-lab/ai2d-no-mask/test/000062,1,science,diagram,diagram_question_answering,image_only_context,question_with_image,multiple_choice,diagram_qa
ai2d,ai2d_test_000063,ai2d_test_000063,test,What is the tail end of the fish in the diagram called?,pelvic | none of the above | caudal | anal,2: caudal,,hf://lmms-lab/ai2d-no-mask/test/000063,1,science,diagram,diagram_question_answering,image_only_context,question_with_image,multiple_choice,diagram_qa
ai2d,ai2d_test_000064,ai2d_test_000064,test,Which part is represented by the label A?,Adipose | Caudal | Pectoral | Pelvic,2: Pectoral,,hf://lmms-lab/ai2d-no-mask/test/000064,1,science,diagram,diagram_question_answering,image_only_context,question_with_image,multiple_choice,diagram_qa
ai2d,ai2d_test_000065,ai2d_test_000065,test,which label define downy woodpecker,c | none | b | a,2: b,,hf://lmms-lab/ai2d-no-mask/test/000065,1,science,diagram,diagram_question_answering,image_only_context,question_with_image,multiple_choice,diagram_qa
ai2d,ai2d_test_000066,ai2d_test_000066,test,which label define northern flicker tracks,b | c | a | none,1: c,,hf://lmms-lab/ai2d-no-mask/test/000066,1,science,diagram,diagram_question_answering,image_only_context,question_with_image,multiple_choice,diagram_qa
ai2d,ai2d_test_000067,ai2d_test_000067,test,What is the structure marked B in the center of the diagram?,stem | flower | leaves | roots,0: stem,,hf://lmms-lab/ai2d-no-mask/test/000067,1,science,diagram,diagram_question_answering,image_only_context,question_with_image,multiple_choice,diagram_qa
ai2d,ai2d_test_000068,ai2d_test_000068,test,What part of the plant is labeled A?,leaves | flower | roots | stem,2: roots,,hf://lmms-lab/ai2d-no-mask/test/000068,1,science,diagram,diagram_question_answering,image_only_context,question_with_image,multiple_choice,diagram_qa
ai2d,ai2d_test_000069,ai2d_test_000069,test,which is the top most part,roots | leaves | stem | flower,3: flower,,hf://lmms-lab/ai2d-no-mask/test/000069,1,science,diagram,diagram_question_answering,image_only_context,question_with_image,multiple_choice,diagram_qa
ai2d,ai2d_test_000070,ai2d_test_000070,test,which part is at the bottom,roots | flowers | leaves | stem,0: roots,,hf://lmms-lab/ai2d-no-mask/test/000070,1,science,diagram,diagram_question_answering,image_only_context,question_with_image,multiple_choice,diagram_qa
ai2d,ai2d_test_000071,ai2d_test_000071,test,what is above the root cap,node | lateral root | root hair | petiole,2: root hair,,hf://lmms-lab/ai2d-no-mask/test/000071,1,science,diagram,diagram_question_answering,image_only_context,question_with_image,multiple_choice,diagram_qa
ai2d,ai2d_test_000072,ai2d_test_000072,test,which part provide water to plant,stack | root | leaf | flower,1: root,,hf://lmms-lab/ai2d-no-mask/test/000072,1,science,diagram,diagram_question_answering,image_only_context,question_with_image,multiple_choice,diagram_qa
ai2d,ai2d_test_000073,ai2d_test_000073,test,Label the Spike.,D | E | F | A,0: D,,hf://lmms-lab/ai2d-no-mask/test/000073,1,science,diagram,diagram_question_answering,image_only_context,question_with_image,multiple_choice,diagram_qa
ai2d,ai2d_test_000074,ai2d_test_000074,test,Label the Umbel,D | C | A | E,3: E,,hf://lmms-lab/ai2d-no-mask/test/000074,1,science,diagram,diagram_question_answering,image_only_context,question_with_image,multiple_choice,diagram_qa
ai2d,ai2d_test_000075,ai2d_test_000075,test,What branches does a panicle have?,Hea | Spike | Corymb | Raceme,3: Raceme,,hf://lmms-lab/ai2d-no-mask/test/000075,1,science,diagram,diagram_question_answering,image_only_context,question_with_image,multiple_choice,diagram_qa
ai2d,ai2d_test_000076,ai2d_test_000076,test,What is a panicle?,Head | Spike | A usually flat-topped flower cluster in which the individual flower stalks grow upward from various points of the main stem to approximately the same height. | A branched cluster of flowers in which the branches are racemes.,3: A branched cluster of flowers in which the branches are racemes.,,hf://lmms-lab/ai2d-no-mask/test/000076,1,science,diagram,diagram_question_answering,image_only_context,question_with_image,multiple_choice,diagram_qa
ai2d,ai2d_test_000077,ai2d_test_000077,test,The long shaft pointed to by the letter F on the diagram above is what?,The receptacle | The style | The locule | The vascular bundle,1: The style,,hf://lmms-lab/ai2d-no-mask/test/000077,1,science,diagram,diagram_question_answering,image_only_context,question_with_image,multiple_choice,diagram_qa
ai2d,ai2d_test_000078,ai2d_test_000078,test,"What letter points at the ovule, on the diagram above?",C | I | D | A,1: I,,hf://lmms-lab/ai2d-no-mask/test/000078,1,science,diagram,diagram_question_answering,image_only_context,question_with_image,multiple_choice,diagram_qa
ai2d,ai2d_test_000079,ai2d_test_000079,test,"Using the above diagram, What letter depicts where glucose is formed?",B | F | A | E,1: F,,hf://lmms-lab/ai2d-no-mask/test/000079,1,science,diagram,diagram_question_answering,image_only_context,question_with_image,multiple_choice,diagram_qa
ai2d,ai2d_test_000080,ai2d_test_000080,test,Which stage shows light energy?,B | C | E | F,1: C,,hf://lmms-lab/ai2d-no-mask/test/000080,1,science,diagram,diagram_question_answering,image_only_context,question_with_image,multiple_choice,diagram_qa
ai2d,ai2d_test_000081,ai2d_test_000081,test,What grows underground?,stem | leaf | root | fruit,2: root,,hf://lmms-lab/ai2d-no-mask/test/000081,1,science,diagram,diagram_question_answering,image_only_context,question_with_image,multiple_choice,diagram_qa
ai2d,ai2d_test_000082,ai2d_test_000082,test,What is located at letter Q?,fruit | nut | stem | leaf,3: leaf,,hf://lmms-lab/ai2d-no-mask/test/000082,1,science,diagram,diagram_question_answering,image_only_context,question_with_image,multiple_choice,diagram_qa
ai2d,ai2d_test_000083,ai2d_test_000083,test,Outer most layer of the cell?,Vacuole | Plasmodesmata | Ribosome | Cell Wall,3: Cell Wall,,hf://lmms-lab/ai2d-no-mask/test/000083,1,science,diagram,diagram_question_answering,image_only_context,question_with_image,multiple_choice,diagram_qa
ai2d,ai2d_test_000084,ai2d_test_000084,test,"What provides the organic material needed for plant life, and the plants living space?",Soil | Seed | Petal | Sprout,0: Soil,,hf://lmms-lab/ai2d-no-mask/test/000084,1,science,diagram,diagram_question_answering,image_only_context,question_with_image,multiple_choice,diagram_qa
ai2d,ai2d_test_000085,ai2d_test_000085,test,what is labeled F?,water | sunlight | sprout | soil,3: soil,,hf://lmms-lab/ai2d-no-mask/test/000085,1,science,diagram,diagram_question_answering,image_only_context,question_with_image,multiple_choice,diagram_qa
ai2d,ai2d_test_000086,ai2d_test_000086,test,what is labled H?,sunlight | plant | sprout | seeds,3: seeds,,hf://lmms-lab/ai2d-no-mask/test/000086,1,science,diagram,diagram_question_answering,image_only_context,question_with_image,multiple_choice,diagram_qa
ai2d,ai2d_test_000087,ai2d_test_000087,test,Which of these is not apice?,obtuso | cordada | none of the above | agudo,1: cordada,,hf://lmms-lab/ai2d-no-mask/test/000087,1,science,diagram,diagram_question_answering,image_only_context,question_with_image,multiple_choice,diagram_qa
ai2d,ai2d_test_000088,ai2d_test_000088,test,"What is a flat-topped or rounded flower cluster in which the individual flower stalks arise from about the same point, as in the geranium, milkweed, onion, and chive.",roots | leaf | umbel | stem,2: umbel,,hf://lmms-lab/ai2d-no-mask/test/000088,1,science,diagram,diagram_question_answering,image_only_context,question_with_image,multiple_choice,diagram_qa
ai2d,ai2d_test_000089,ai2d_test_000089,test,What is made of rolled bases of leaves?,Pseudostem | leaf | beak | stem,0: Pseudostem,,hf://lmms-lab/ai2d-no-mask/test/000089,1,science,diagram,diagram_question_answering,image_only_context,question_with_image,multiple_choice,diagram_qa
ai2d,ai2d_test_000090,ai2d_test_000090,test,What is represented by E?,none of the above | bulb | umbel | leaf,2: umbel,,hf://lmms-lab/ai2d-no-mask/test/000090,1,science,diagram,diagram_question_answering,image_only_context,question_with_image,multiple_choice,diagram_qa
ai2d,ai2d_test_000091,ai2d_test_000091,test,What lies at the very bottom?,none of the above | roots | leaf | bulb,1: roots,,hf://lmms-lab/ai2d-no-mask/test/000091,1,science,diagram,diagram_question_answering,image_only_context,question_with_image,multiple_choice,diagram_qa
ai2d,ai2d_test_000092,ai2d_test_000092,test,Which of the above leaf has a  heart-shaped outline?,obtuse | cuneate | cordate | truncate,2: cordate,,hf://lmms-lab/ai2d-no-mask/test/000092,1,science,diagram,diagram_question_answering,image_only_context,question_with_image,multiple_choice,diagram_qa
ai2d,ai2d_test_000093,ai2d_test_000093,test,Which of the leaves terminate abruptly??,cordate | obtuse | truncate | cuneate,2: truncate,,hf://lmms-lab/ai2d-no-mask/test/000093,1,science,diagram,diagram_question_answering,image_only_context,question_with_image,multiple_choice,diagram_qa
ai2d,ai2d_test_000094,ai2d_test_000094,test,"The stages in its life cycle of a dung beetle are labeled A,B,C,D. Which stage is shown at A?",egg | larva | adult | pupa,1: larva,,hf://lmms-lab/ai2d-no-mask/test/000094,1,science,diagram,diagram_question_answering,image_only_context,question_with_image,multiple_choice,diagram_qa
ai2d,ai2d_test_000095,ai2d_test_000095,test,What letter in the diagram represents the pupa stage?,C | D | B | A,0: C,,hf://lmms-lab/ai2d-no-mask/test/000095,1,science,diagram,diagram_question_answering,image_only_context,question_with_image,multiple_choice,diagram_qa
ai2d,ai2d_test_000096,ai2d_test_000096,test,Which label refers to the beetle's egg stage?,D | A | C | B,3: B,,hf://lmms-lab/ai2d-no-mask/test/000096,1,science,diagram,diagram_question_answering,image_only_context,question_with_image,multiple_choice,diagram_qa
ai2d,ai2d_test_000097,ai2d_test_000097,test,Which letter shows the adult stage of the dung beetles life cycle?,A | B | C | D,3: D,,hf://lmms-lab/ai2d-no-mask/test/000097,1,science,diagram,diagram_question_answering,image_only_context,question_with_image,multiple_choice,diagram_qa
ai2d,ai2d_test_000098,ai2d_test_000098,test,"Which of the following is the nonfeeding stage between the larva and adult in the metamorphosis of holometabolous insects, during which the larva typically undergoes complete transformation within a protective cocoon or hardened case?",birth | pupa | death | egg,1: pupa,,hf://lmms-lab/ai2d-no-mask/test/000098,1,science,diagram,diagram_question_answering,image_only_context,question_with_image,multiple_choice,diagram_qa
ai2d,ai2d_test_000099,ai2d_test_000099,test,What letter on the diagram represents the earth?,A | D | G | B,1: D,,hf://lmms-lab/ai2d-no-mask/test/000099,1,science,diagram,diagram_question_answering,image_only_context,question_with_image,multiple_choice,diagram_qa
ai2d,ai2d_test_000100,ai2d_test_000100,test,What letter on the diagram represents the first quarter moon,D | G | A | C,3: C,,hf://lmms-lab/ai2d-no-mask/test/000100,1,science,diagram,diagram_question_answering,image_only_context,question_with_image,multiple_choice,diagram_qa
ai2d,ai2d_test_000101,ai2d_test_000101,test,What term best matches B in the given diagram?,New Moon | Waning Crescent | Waxing Gibbous | Full Moon,2: Waxing Gibbous,,hf://lmms-lab/ai2d-no-mask/test/000101,1,science,diagram,diagram_question_answering,image_only_context,question_with_image,multiple_choice,diagram_qa
ai2d,ai2d_test_000102,ai2d_test_000102,test,Which letter corresponds to a Full Moon?,F | G | J | H,0: F,,hf://lmms-lab/ai2d-no-mask/test/000102,1,science,diagram,diagram_question_answering,image_only_context,question_with_image,multiple_choice,diagram_qa
ai2d,ai2d_test_000103,ai2d_test_000103,test,What is label H pointing to?,Golgi body | Endoplasmic reticulum | Nucleus | Mitochondrion,0: Golgi body,,hf://lmms-lab/ai2d-no-mask/test/000103,1,science,diagram,diagram_question_answering,image_only_context,question_with_image,multiple_choice,diagram_qa
ai2d,ai2d_test_000104,ai2d_test_000104,test,What does the diagram above depict?,cat | volcano | moon phases | Sun,2: moon phases,,hf://lmms-lab/ai2d-no-mask/test/000104,1,science,diagram,diagram_question_answering,image_only_context,question_with_image,multiple_choice,diagram_qa
ai2d,ai2d_test_000105,ai2d_test_000105,test,Name two types of horns.,Somatic and Dorsal | None of the above | Ventral and Dorsal | Somatic and Ventral,2: Ventral and Dorsal,,hf://lmms-lab/ai2d-no-mask/test/000105,1,science,diagram,diagram_question_answering,image_only_context,question_with_image,multiple_choice,diagram_qa
ai2d,ai2d_test_000106,ai2d_test_000106,test,The type of matter represented in the diagram is called what?,Gray | Green | Yellow | Red,0: Gray,,hf://lmms-lab/ai2d-no-mask/test/000106,1,science,diagram,diagram_question_answering,image_only_context,question_with_image,multiple_choice,diagram_qa
ai2d,ai2d_test_000107,ai2d_test_000107,test,Describe what is represented in letter O,igneous rock | metamorphic rock | magma | sedimentary rock,2: magma,,hf://lmms-lab/ai2d-no-mask/test/000107,1,science,diagram,diagram_question_answering,image_only_context,question_with_image,multiple_choice,diagram_qa
ai2d,ai2d_test_000108,ai2d_test_000108,test,"The molten rock material under the earth's crust, from which igneous rock is formed by cooling is known as",Roches | Sediments | Magma | Fusion,2: Magma,,hf://lmms-lab/ai2d-no-mask/test/000108,1,science,diagram,diagram_question_answering,image_only_context,question_with_image,multiple_choice,diagram_qa
ai2d,ai2d_test_000109,ai2d_test_000109,test,The exterior portion of the earth,none of above | crust | creamy nougat center | mantle,1: crust,,hf://lmms-lab/ai2d-no-mask/test/000109,1,science,diagram,diagram_question_answering,image_only_context,question_with_image,multiple_choice,diagram_qa
ai2d,ai2d_test_000110,ai2d_test_000110,test,The outermost layer of the Earth is called the ?,crust | lithosphere | mantle | core,0: crust,,hf://lmms-lab/ai2d-no-mask/test/000110,1,science,diagram,diagram_question_answering,image_only_context,question_with_image,multiple_choice,diagram_qa
ai2d,ai2d_test_000111,ai2d_test_000111,test,How many kids of feet are there?,4 | 2 | 6 | 5,2: 6,,hf://lmms-lab/ai2d-no-mask/test/000111,1,science,diagram,diagram_question_answering,image_only_context,question_with_image,multiple_choice,diagram_qa
ai2d,ai2d_test_000112,ai2d_test_000112,test,What type of beak is shown in E?,probing | none of the above | tearing meat | filtering,3: filtering,,hf://lmms-lab/ai2d-no-mask/test/000112,1,science,diagram,diagram_question_answering,image_only_context,question_with_image,multiple_choice,diagram_qa
ai2d,ai2d_test_000113,ai2d_test_000113,test,What type of feet is shown in B in the illustration?,climbing | walking | none of the above | perching,0: climbing,,hf://lmms-lab/ai2d-no-mask/test/000113,1,science,diagram,diagram_question_answering,image_only_context,question_with_image,multiple_choice,diagram_qa
ai2d,ai2d_test_000114,ai2d_test_000114,test,Which beak is the longest?,tearing meat | probing | filtering | drilling holes,1: probing,,hf://lmms-lab/ai2d-no-mask/test/000114,1,science,diagram,diagram_question_answering,image_only_context,question_with_image,multiple_choice,diagram_qa
ai2d,ai2d_test_000115,ai2d_test_000115,test,What is also known as the cell membrane?,Cytoplasm | Nucleus | Plasma membrane | Cell wall,2: Plasma membrane,,hf://lmms-lab/ai2d-no-mask/test/000115,1,science,diagram,diagram_question_answering,image_only_context,question_with_image,multiple_choice,diagram_qa
ai2d,ai2d_test_000116,ai2d_test_000116,test,What is also known as the vacuolar membrane?,Nucleus | Tonoplast | Starch grain | Cell Wall,1: Tonoplast,,hf://lmms-lab/ai2d-no-mask/test/000116,1,science,diagram,diagram_question_answering,image_only_context,question_with_image,multiple_choice,diagram_qa
ai2d,ai2d_test_000117,ai2d_test_000117,test,what is label e in diagram?,nucleus | chloroplast | cell wall | cell sap vacuole,2: cell wall,,hf://lmms-lab/ai2d-no-mask/test/000117,1,science,diagram,diagram_question_answering,image_only_context,question_with_image,multiple_choice,diagram_qa
ai2d,ai2d_test_000118,ai2d_test_000118,test,what layer is between starch grain and chloroplast?,a | b | c | e,3: e,,hf://lmms-lab/ai2d-no-mask/test/000118,1,science,diagram,diagram_question_answering,image_only_context,question_with_image,multiple_choice,diagram_qa
ai2d,ai2d_test_000119,ai2d_test_000119,test,"From the above food web diagram, which species need to find other energy source after grass",cricket | none | snake | bush,0: cricket,,hf://lmms-lab/ai2d-no-mask/test/000119,1,science,diagram,diagram_question_answering,image_only_context,question_with_image,multiple_choice,diagram_qa
ai2d,ai2d_test_000120,ai2d_test_000120,test,"From the food web shown in the diagram, which organism is the primary consumer?",Cricket | Wedge tailed eagle | Red bellied black snake | King brown snake,0: Cricket,,hf://lmms-lab/ai2d-no-mask/test/000120,1,science,diagram,diagram_question_answering,image_only_context,question_with_image,multiple_choice,diagram_qa
ai2d,ai2d_test_000121,ai2d_test_000121,test,"From the food web shown in the diagram, which organism is the producer?",Eagle | Human | Cane grass | Cricket,2: Cane grass,,hf://lmms-lab/ai2d-no-mask/test/000121,1,science,diagram,diagram_question_answering,image_only_context,question_with_image,multiple_choice,diagram_qa
ai2d,ai2d_test_000122,ai2d_test_000122,test,"If the producer in this ecosystem disappeared, the organism directly affected would be",Eagles | Humans | Snakes | Crickets,3: Crickets,,hf://lmms-lab/ai2d-no-mask/test/000122,1,science,diagram,diagram_question_answering,image_only_context,question_with_image,multiple_choice,diagram_qa
ai2d,ai2d_test_000123,ai2d_test_000123,test,Imagine that crickets died out in the ecosystem shown above. Predict which of these outcomes would be most likely to occur:,King brown snakes increase in population | Humans leave the ecosystem | Frilled neck lizard population goes down | Pollution increases,2: Frilled neck lizard population goes down,,hf://lmms-lab/ai2d-no-mask/test/000123,1,science,diagram,diagram_question_answering,image_only_context,question_with_image,multiple_choice,diagram_qa
ai2d,ai2d_test_000124,ai2d_test_000124,test,Refer the diagram and choose the option which is a carnivore?,Cricket | Cane grass | Salt bush | Wedge tailed eagle,3: Wedge tailed eagle,,hf://lmms-lab/ai2d-no-mask/test/000124,1,science,diagram,diagram_question_answering,image_only_context,question_with_image,multiple_choice,diagram_qa
ai2d,ai2d_test_000125,ai2d_test_000125,test,What feeds on crickets?,snake | lizards | eagle | salt bush,1: lizards,,hf://lmms-lab/ai2d-no-mask/test/000125,1,science,diagram,diagram_question_answering,image_only_context,question_with_image,multiple_choice,diagram_qa
ai2d,ai2d_test_000126,ai2d_test_000126,test,What is a predator?,salt bush | grass | lizard | cricket,2: lizard,,hf://lmms-lab/ai2d-no-mask/test/000126,1,science,diagram,diagram_question_answering,image_only_context,question_with_image,multiple_choice,diagram_qa
ai2d,ai2d_test_000127,ai2d_test_000127,test,What would happen if the cricket population decreased?,lizards would decrease | eagle would increase | king brown snake would increast | salt bush would decrease,0: lizards would decrease,,hf://lmms-lab/ai2d-no-mask/test/000127,1,science,diagram,diagram_question_answering,image_only_context,question_with_image,multiple_choice,diagram_qa
ai2d,ai2d_test_000128,ai2d_test_000128,test,Which among the below causes pollution?,Cane grass | Cricket | Humans | Salt bush,2: Humans,,hf://lmms-lab/ai2d-no-mask/test/000128,1,science,diagram,diagram_question_answering,image_only_context,question_with_image,multiple_choice,diagram_qa
ai2d,ai2d_test_000129,ai2d_test_000129,test,Base your answers on the food web below and on your knowledge of biology. Which organisms are carnivores?,"hawk, only | fox, only | grasshopper and rabbit | Fox, sparrow and hawk","3: Fox, sparrow and hawk",,hf://lmms-lab/ai2d-no-mask/test/000129,1,science,diagram,diagram_question_answering,image_only_context,question_with_image,multiple_choice,diagram_qa
ai2d,ai2d_test_000130,ai2d_test_000130,test,"From the above food web diagram, rabbit represents",producer | consumer | secondary consumers | decomposer,1: consumer,,hf://lmms-lab/ai2d-no-mask/test/000130,1,science,diagram,diagram_question_answering,image_only_context,question_with_image,multiple_choice,diagram_qa
ai2d,ai2d_test_000131,ai2d_test_000131,test,"From the above food web diagram, which species supplies energy",sparrow | fox | rabbit | plants,3: plants,,hf://lmms-lab/ai2d-no-mask/test/000131,1,science,diagram,diagram_question_answering,image_only_context,question_with_image,multiple_choice,diagram_qa
ai2d,ai2d_test_000132,ai2d_test_000132,test,"Using the diagram below, which animal is classified as an herbivore?",Fox | Grasshopper and rabbit | Praying Mantis | Sparrow,1: Grasshopper and rabbit,,hf://lmms-lab/ai2d-no-mask/test/000132,1,science,diagram,diagram_question_answering,image_only_context,question_with_image,multiple_choice,diagram_qa
ai2d,ai2d_test_000133,ai2d_test_000133,test,What is a predator of the rabbit?,praying mantis | sparrow | grasshopper | fox,3: fox,,hf://lmms-lab/ai2d-no-mask/test/000133,1,science,diagram,diagram_question_answering,image_only_context,question_with_image,multiple_choice,diagram_qa
ai2d,ai2d_test_000134,ai2d_test_000134,test,What will happen to the rabbit population if the fox population grows?,It will decrease | It will remain the same | It will increase | NA,0: It will decrease,,hf://lmms-lab/ai2d-no-mask/test/000134,1,science,diagram,diagram_question_answering,image_only_context,question_with_image,multiple_choice,diagram_qa
ai2d,ai2d_test_000135,ai2d_test_000135,test,What would happen if all the plants disappeared?,increase in hawk | increase in sparrow | decrease in fox | decrease in rabbits,3: decrease in rabbits,,hf://lmms-lab/ai2d-no-mask/test/000135,1,science,diagram,diagram_question_answering,image_only_context,question_with_image,multiple_choice,diagram_qa
ai2d,ai2d_test_000136,ai2d_test_000136,test,What is the name of the molten rock that reaches the earth's surface?,Pyroclastics | Viscous | Lava | Magma,2: Lava,,hf://lmms-lab/ai2d-no-mask/test/000136,1,science,diagram,diagram_question_answering,image_only_context,question_with_image,multiple_choice,diagram_qa
ai2d,ai2d_test_000137,ai2d_test_000137,test,"From the above food web diagram, if all the desert grass were removed which species will directly get affected",none | beetle | owl | thyme,1: beetle,,hf://lmms-lab/ai2d-no-mask/test/000137,1,science,diagram,diagram_question_answering,image_only_context,question_with_image,multiple_choice,diagram_qa
ai2d,ai2d_test_000138,ai2d_test_000138,test,"From the above food web diagram, which species is producer",jerboa | none | thyme | bettle,2: thyme,,hf://lmms-lab/ai2d-no-mask/test/000138,1,science,diagram,diagram_question_answering,image_only_context,question_with_image,multiple_choice,diagram_qa
ai2d,ai2d_test_000139,ai2d_test_000139,test,"In the diagram of the food web shown, thyme is a direct food source for which of these?",black mamba | camel | beetle | jackal,1: camel,,hf://lmms-lab/ai2d-no-mask/test/000139,1,science,diagram,diagram_question_answering,image_only_context,question_with_image,multiple_choice,diagram_qa
ai2d,ai2d_test_000140,ai2d_test_000140,test,"In the diagram of the food web shown, what does the camel get some of its energy from?",thyme | jerboa | beetle | black mamba,0: thyme,,hf://lmms-lab/ai2d-no-mask/test/000140,1,science,diagram,diagram_question_answering,image_only_context,question_with_image,multiple_choice,diagram_qa
ai2d,ai2d_test_000141,ai2d_test_000141,test,"In the diagram of the food web shown, what does the emperor scorpion get its food energy from?",thyme | beetle | jerboa | grasses,1: beetle,,hf://lmms-lab/ai2d-no-mask/test/000141,1,science,diagram,diagram_question_answering,image_only_context,question_with_image,multiple_choice,diagram_qa
ai2d,ai2d_test_000142,ai2d_test_000142,test,Which of the following comes under the category of producers?,camel | Dessert grass | beetle | jerboa,1: Dessert grass,,hf://lmms-lab/ai2d-no-mask/test/000142,1,science,diagram,diagram_question_answering,image_only_context,question_with_image,multiple_choice,diagram_qa
ai2d,ai2d_test_000143,ai2d_test_000143,test,Which is between the earth and the sun in a solar eclipse?,Moon | Jupiter | None of the above | Star,0: Moon,,hf://lmms-lab/ai2d-no-mask/test/000143,1,science,diagram,diagram_question_answering,image_only_context,question_with_image,multiple_choice,diagram_qa
ai2d,ai2d_test_000144,ai2d_test_000144,test,Which is larger the moon or the sun?,Sun | It varies | They are equal in size | Moon,0: Sun,,hf://lmms-lab/ai2d-no-mask/test/000144,1,science,diagram,diagram_question_answering,image_only_context,question_with_image,multiple_choice,diagram_qa
ai2d,ai2d_test_000145,ai2d_test_000145,test,what is the small circle in the diagram?,earth | moon | sun | solar eclipse,1: moon,,hf://lmms-lab/ai2d-no-mask/test/000145,1,science,diagram,diagram_question_answering,image_only_context,question_with_image,multiple_choice,diagram_qa
ai2d,ai2d_test_000146,ai2d_test_000146,test,which part of the diagram is large circle?,C | A | B | D,2: B,,hf://lmms-lab/ai2d-no-mask/test/000146,1,science,diagram,diagram_question_answering,image_only_context,question_with_image,multiple_choice,diagram_qa
ai2d,ai2d_test_000147,ai2d_test_000147,test,"In the eight phase lunar cycle shown, what position is next to last quarter?",full moon | new moon | waning gibbous | first quarter,2: waning gibbous,,hf://lmms-lab/ai2d-no-mask/test/000147,1,science,diagram,diagram_question_answering,image_only_context,question_with_image,multiple_choice,diagram_qa
ai2d,ai2d_test_000148,ai2d_test_000148,test,Letter A shows which phase of the moon?,Full | New | Last Quarter | Waning Crescent,0: Full,,hf://lmms-lab/ai2d-no-mask/test/000148,1,science,diagram,diagram_question_answering,image_only_context,question_with_image,multiple_choice,diagram_qa
ai2d,ai2d_test_000149,ai2d_test_000149,test,Which letter in the given diagram depicts the waning crescent moon phase?,H | A | G | D,3: D,,hf://lmms-lab/ai2d-no-mask/test/000149,1,science,diagram,diagram_question_answering,image_only_context,question_with_image,multiple_choice,diagram_qa
ai2d,ai2d_test_000150,ai2d_test_000150,test,Which letter shows the first quarter phase?,B | A | C | D,2: C,,hf://lmms-lab/ai2d-no-mask/test/000150,1,science,diagram,diagram_question_answering,image_only_context,question_with_image,multiple_choice,diagram_qa
ai2d,ai2d_test_000151,ai2d_test_000151,test,Name the label which indicates the pancreas in the above doagram.,C | A | B | D,1: A,,hf://lmms-lab/ai2d-no-mask/test/000151,1,science,diagram,diagram_question_answering,image_only_context,question_with_image,multiple_choice,diagram_qa
ai2d,ai2d_test_000152,ai2d_test_000152,test,Which organ is above the stomach?,liver | small intestine | gall bladder | large intestine,0: liver,,hf://lmms-lab/ai2d-no-mask/test/000152,1,science,diagram,diagram_question_answering,image_only_context,question_with_image,multiple_choice,diagram_qa
ai2d,ai2d_test_000153,ai2d_test_000153,test,Which part of the body lies just before the anus?,Liver | Rectum | Pancreas | Stomach,1: Rectum,,hf://lmms-lab/ai2d-no-mask/test/000153,1,science,diagram,diagram_question_answering,image_only_context,question_with_image,multiple_choice,diagram_qa
ai2d,ai2d_test_000154,ai2d_test_000154,test,"The diagram shows four stages in life cycle , between egg and pupa stage , which process must occur?",pupa | larval stages | adult | clouds,1: larval stages,,hf://lmms-lab/ai2d-no-mask/test/000154,1,science,diagram,diagram_question_answering,image_only_context,question_with_image,multiple_choice,diagram_qa
ai2d,ai2d_test_000155,ai2d_test_000155,test,"What letter shows a fully grown, mature organism?",C | A | D | B,3: B,,hf://lmms-lab/ai2d-no-mask/test/000155,1,science,diagram,diagram_question_answering,image_only_context,question_with_image,multiple_choice,diagram_qa
ai2d,ai2d_test_000156,ai2d_test_000156,test,What stage comes directly after egg?,death | larval | adult | pupa,1: larval,,hf://lmms-lab/ai2d-no-mask/test/000156,1,science,diagram,diagram_question_answering,image_only_context,question_with_image,multiple_choice,diagram_qa
ai2d,ai2d_test_000157,ai2d_test_000157,test,What stage directly precedes adult?,larval | child | toddler | pupa,3: pupa,,hf://lmms-lab/ai2d-no-mask/test/000157,1,science,diagram,diagram_question_answering,image_only_context,question_with_image,multiple_choice,diagram_qa
ai2d,ai2d_test_000158,ai2d_test_000158,test,What is the completely dark part of the eclipse called?,Umbra | Solar | Lunar | Penumbra,0: Umbra,,hf://lmms-lab/ai2d-no-mask/test/000158,1,science,diagram,diagram_question_answering,image_only_context,question_with_image,multiple_choice,diagram_qa
ai2d,ai2d_test_000159,ai2d_test_000159,test,Which is the completely dark portion of a shadow created by an eclipse?,g | c | b | a,0: g,,hf://lmms-lab/ai2d-no-mask/test/000159,1,science,diagram,diagram_question_answering,image_only_context,question_with_image,multiple_choice,diagram_qa
ai2d,ai2d_test_000160,ai2d_test_000160,test,Which is the hot star that produces light for an eclipse?,b | c | d | a,1: c,,hf://lmms-lab/ai2d-no-mask/test/000160,1,science,diagram,diagram_question_answering,image_only_context,question_with_image,multiple_choice,diagram_qa
ai2d,ai2d_test_000161,ai2d_test_000161,test,What is the expanded part of a leaf or petal?,blade | cordate | none of the above | petiole,0: blade,,hf://lmms-lab/ai2d-no-mask/test/000161,1,science,diagram,diagram_question_answering,image_only_context,question_with_image,multiple_choice,diagram_qa
ai2d,ai2d_test_000162,ai2d_test_000162,test,Fourth Instar Nymph can be found at which point?,H | E | C | A,0: H,,hf://lmms-lab/ai2d-no-mask/test/000162,1,science,diagram,diagram_question_answering,image_only_context,question_with_image,multiple_choice,diagram_qa
ai2d,ai2d_test_000163,ai2d_test_000163,test,"If eggs are represented at point B, what is represented at point G?",Crawler | Third Instar Nymph | Fourth Instar Nymph | Second Instar Nymph,0: Crawler,,hf://lmms-lab/ai2d-no-mask/test/000163,1,science,diagram,diagram_question_answering,image_only_context,question_with_image,multiple_choice,diagram_qa
ai2d,ai2d_test_000164,ai2d_test_000164,test,The diagram shows the Whitefly Lifecycle. Which stage is the crawler stage?,C | A | B | G,3: G,,hf://lmms-lab/ai2d-no-mask/test/000164,1,science,diagram,diagram_question_answering,image_only_context,question_with_image,multiple_choice,diagram_qa
ai2d,ai2d_test_000165,ai2d_test_000165,test,Which stage in this cycle is the most immature?,A | C | F | B,3: B,,hf://lmms-lab/ai2d-no-mask/test/000165,1,science,diagram,diagram_question_answering,image_only_context,question_with_image,multiple_choice,diagram_qa
ai2d,ai2d_test_000166,ai2d_test_000166,test,Which stage of a whitefly life cycle follows the third instar nymph?,fourth instar nymph | crawler | eggs | adult,0: fourth instar nymph,,hf://lmms-lab/ai2d-no-mask/test/000166,1,science,diagram,diagram_question_answering,image_only_context,question_with_image,multiple_choice,diagram_qa
ai2d,ai2d_test_000167,ai2d_test_000167,test,IN THE ABOVE FOOD WEB SOURCE ENERGY FOR CATERPILLAR IS (A)PLANT. (B)BIRD. (C)SPIDER. (D)WHITE FLY,A | B | D | C,0: A,,hf://lmms-lab/ai2d-no-mask/test/000167,1,science,diagram,diagram_question_answering,image_only_context,question_with_image,multiple_choice,diagram_qa
ai2d,ai2d_test_000168,ai2d_test_000168,test,"In the above diagram, which organism is known as producer?",caterpillar | spider | bird | plant,3: plant,,hf://lmms-lab/ai2d-no-mask/test/000168,1,science,diagram,diagram_question_answering,image_only_context,question_with_image,multiple_choice,diagram_qa
ai2d,ai2d_test_000169,ai2d_test_000169,test,"Jasmine made a simple food web of some animals that live in the Arctic. Based on Jasmine's food web, which organism is the main source of energy for the white fly?",plant | spider | lady bird | aphid (A) C (B) A (C) B,1: spider,,hf://lmms-lab/ai2d-no-mask/test/000169,1,science,diagram,diagram_question_answering,image_only_context,question_with_image,multiple_choice,diagram_qa
ai2d,ai2d_test_000170,ai2d_test_000170,test,Name an organism that is an herbivore in the given food web,ladybird | Spider | bird | Caterpillar,3: Caterpillar,,hf://lmms-lab/ai2d-no-mask/test/000170,1,science,diagram,diagram_question_answering,image_only_context,question_with_image,multiple_choice,diagram_qa
ai2d,ai2d_test_000171,ai2d_test_000171,test,The diagram above shows some of the organisms in a food web. Which of the following organisms shown in the diagram are primary consumers?,"aphid, caterpillar and whitefly | ladybird, bird and spider | aphid, only | Plant, only","0: aphid, caterpillar and whitefly",,hf://lmms-lab/ai2d-no-mask/test/000171,1,science,diagram,diagram_question_answering,image_only_context,question_with_image,multiple_choice,diagram_qa
ai2d,ai2d_test_000172,ai2d_test_000172,test,"The diagram below shows a food chain. If the plants died, the population of whitefly would most likely",none | remain the same | decrease | increase,2: decrease,,hf://lmms-lab/ai2d-no-mask/test/000172,1,science,diagram,diagram_question_answering,image_only_context,question_with_image,multiple_choice,diagram_qa
ai2d,ai2d_test_000173,ai2d_test_000173,test,Use the accompanying diagram to select the correct pair of secondary consumers.,Ladybird and spider | Whitefly and caterpillar | Bird and plant | Aphid and caterpillar,0: Ladybird and spider,,hf://lmms-lab/ai2d-no-mask/test/000173,1,science,diagram,diagram_question_answering,image_only_context,question_with_image,multiple_choice,diagram_qa
ai2d,ai2d_test_000174,ai2d_test_000174,test,What organism in the diagram would be considered a producer?,Plant | Aphid | Bird | Ladybird,0: Plant,,hf://lmms-lab/ai2d-no-mask/test/000174,1,science,diagram,diagram_question_answering,image_only_context,question_with_image,multiple_choice,diagram_qa
ai2d,ai2d_test_000175,ai2d_test_000175,test,What organism in the food web above is food for caterpillar?,aphid | spider | plant | bird,2: plant,,hf://lmms-lab/ai2d-no-mask/test/000175,1,science,diagram,diagram_question_answering,image_only_context,question_with_image,multiple_choice,diagram_qa
ai2d,ai2d_test_000176,ai2d_test_000176,test,How many stages are in this cycle?,3 | 4 | 2 | 5,1: 4,,hf://lmms-lab/ai2d-no-mask/test/000176,1,science,diagram,diagram_question_answering,image_only_context,question_with_image,multiple_choice,diagram_qa
ai2d,ai2d_test_000177,ai2d_test_000177,test,"In the given diagram, what letter represents plants?",B | C | D | A,0: B,,hf://lmms-lab/ai2d-no-mask/test/000177,1,science,diagram,diagram_question_answering,image_only_context,question_with_image,multiple_choice,diagram_qa
ai2d,ai2d_test_000178,ai2d_test_000178,test,Which letter represents atmospheric oxygen?,D | A | B | C,0: D,,hf://lmms-lab/ai2d-no-mask/test/000178,1,science,diagram,diagram_question_answering,image_only_context,question_with_image,multiple_choice,diagram_qa
ai2d,ai2d_test_000179,ai2d_test_000179,test,How many types of roots are displayed?,4 | 9 | 3 | 2,0: 4,,hf://lmms-lab/ai2d-no-mask/test/000179,1,science,diagram,diagram_question_answering,image_only_context,question_with_image,multiple_choice,diagram_qa
ai2d,ai2d_test_000180,ai2d_test_000180,test,What object is shown in the diagram above?,Earths Crust | Tree roots | Ocean Floor | None of the above,1: Tree roots,,hf://lmms-lab/ai2d-no-mask/test/000180,1,science,diagram,diagram_question_answering,image_only_context,question_with_image,multiple_choice,diagram_qa
ai2d,ai2d_test_000181,ai2d_test_000181,test,What is the fine powderlike material consisting of pollen grains that is produced by the anthers of seed plants?,anther | filament | pollen | stigma,2: pollen,,hf://lmms-lab/ai2d-no-mask/test/000181,1,science,diagram,diagram_question_answering,image_only_context,question_with_image,multiple_choice,diagram_qa
ai2d,ai2d_test_000182,ai2d_test_000182,test,What is the ovule-bearing lower part of a pistil that ripens into a fruit?,ovary | pollen | anther | stigma,0: ovary,,hf://lmms-lab/ai2d-no-mask/test/000182,1,science,diagram,diagram_question_answering,image_only_context,question_with_image,multiple_choice,diagram_qa
ai2d,ai2d_test_000183,ai2d_test_000183,test,According to the diagram when magma solidifies it becomes which type of rock?,Sedimentary | Igneous | Metamorphic | Lime,1: Igneous,,hf://lmms-lab/ai2d-no-mask/test/000183,1,science,diagram,diagram_question_answering,image_only_context,question_with_image,multiple_choice,diagram_qa
ai2d,ai2d_test_000184,ai2d_test_000184,test,What letter in the diagram shows the transformation from sedimentary rock to metamorphic rock?,m | e | j | g,2: j,,hf://lmms-lab/ai2d-no-mask/test/000184,1,science,diagram,diagram_question_answering,image_only_context,question_with_image,multiple_choice,diagram_qa
ai2d,ai2d_test_000185,ai2d_test_000185,test,"In the food web diagram that is shown, which is the producer?",plants | sucking insects | predatory invertebrates | carnivores,0: plants,,hf://lmms-lab/ai2d-no-mask/test/000185,1,science,diagram,diagram_question_answering,image_only_context,question_with_image,multiple_choice,diagram_qa
ai2d,ai2d_test_000186,ai2d_test_000186,test,"In the food web diagram that is shown, which organism consumes detritivores as food?",predatory invertebrates | primary producers | sucking insects | carnivores,3: carnivores,,hf://lmms-lab/ai2d-no-mask/test/000186,1,science,diagram,diagram_question_answering,image_only_context,question_with_image,multiple_choice,diagram_qa
ai2d,ai2d_test_000187,ai2d_test_000187,test,Lizards are what type of organism according to this diagram?,sad | carnivores | happy | herbivores,1: carnivores,,hf://lmms-lab/ai2d-no-mask/test/000187,1,science,diagram,diagram_question_answering,image_only_context,question_with_image,multiple_choice,diagram_qa
ai2d,ai2d_test_000188,ai2d_test_000188,test,Plants are what type of producers in this chart?,unimportant | tertiary | secondary | primary,3: primary,,hf://lmms-lab/ai2d-no-mask/test/000188,1,science,diagram,diagram_question_answering,image_only_context,question_with_image,multiple_choice,diagram_qa
ai2d,ai2d_test_000189,ai2d_test_000189,test,What is on the top of the food chain?,Detritivores | Sucking insects | Plants | Carnivores,3: Carnivores,,hf://lmms-lab/ai2d-no-mask/test/000189,1,science,diagram,diagram_question_answering,image_only_context,question_with_image,multiple_choice,diagram_qa
ai2d,ai2d_test_000190,ai2d_test_000190,test,What represents primary producers in the diagram?,Carnivores | Predatory invertebrates | Plants | Sucking insects,2: Plants,,hf://lmms-lab/ai2d-no-mask/test/000190,1,science,diagram,diagram_question_answering,image_only_context,question_with_image,multiple_choice,diagram_qa
ai2d,ai2d_test_000191,ai2d_test_000191,test,what is the above animal?,tiger | arctic wolf | lion | dog,1: arctic wolf,,hf://lmms-lab/ai2d-no-mask/test/000191,1,science,diagram,diagram_question_answering,image_only_context,question_with_image,multiple_choice,diagram_qa
ai2d,ai2d_test_000192,ai2d_test_000192,test,what is the color of wolf?,red | white | blue | green,1: white,,hf://lmms-lab/ai2d-no-mask/test/000192,1,science,diagram,diagram_question_answering,image_only_context,question_with_image,multiple_choice,diagram_qa
ai2d,ai2d_test_000193,ai2d_test_000193,test,"According to the food web, what is the source of energy for the squirrel?",grass | black bear | caribou | bob cat,0: grass,,hf://lmms-lab/ai2d-no-mask/test/000193,1,science,diagram,diagram_question_answering,image_only_context,question_with_image,multiple_choice,diagram_qa
ai2d,ai2d_test_000194,ai2d_test_000194,test,"According to the food web, what will happen if the grass dried up due to extreme heat?",Black bears would increase | Squirrel population would increase | Squirrel population would decrease | none of the above,2: Squirrel population would decrease,,hf://lmms-lab/ai2d-no-mask/test/000194,1,science,diagram,diagram_question_answering,image_only_context,question_with_image,multiple_choice,diagram_qa
ai2d,ai2d_test_000195,ai2d_test_000195,test,Base your answers on the diagram below and on your knowledge of science. Which are the organisms are herbivores?,"squirrel, bobcat, blackbear | caribou, moose, bobcat | squirrel, caribou, moose | caribou, moose, blackbear","2: squirrel, caribou, moose",,hf://lmms-lab/ai2d-no-mask/test/000195,1,science,diagram,diagram_question_answering,image_only_context,question_with_image,multiple_choice,diagram_qa
ai2d,ai2d_test_000196,ai2d_test_000196,test,"From the above food web diagram, if all the grass dies then population of squirrel will",decrease | remains the same | increase | NA,0: decrease,,hf://lmms-lab/ai2d-no-mask/test/000196,1,science,diagram,diagram_question_answering,image_only_context,question_with_image,multiple_choice,diagram_qa
ai2d,ai2d_test_000197,ai2d_test_000197,test,"From the above food web diagram, what will cause moose to increase",decrease in evergreen | decrease in bobcar | increase in bobcat | increase in evergreen,3: increase in evergreen,,hf://lmms-lab/ai2d-no-mask/test/000197,1,science,diagram,diagram_question_answering,image_only_context,question_with_image,multiple_choice,diagram_qa
ai2d,ai2d_test_000198,ai2d_test_000198,test,"From the above food web diagram, which species provide energy",caribou | moose | grass | squirrel,2: grass,,hf://lmms-lab/ai2d-no-mask/test/000198,1,science,diagram,diagram_question_answering,image_only_context,question_with_image,multiple_choice,diagram_qa
ai2d,ai2d_test_000199,ai2d_test_000199,test,"In the given food web, which organism consume higher number of prey?",bobcat | blackbear | graywolf | caribou,1: blackbear,,hf://lmms-lab/ai2d-no-mask/test/000199,1,science,diagram,diagram_question_answering,image_only_context,question_with_image,multiple_choice,diagram_qa
ai2d,ai2d_test_000200,ai2d_test_000200,test,"In the given food web, which organism have no predator?",blackbear | caribou | squirrel | moose,0: blackbear,,hf://lmms-lab/ai2d-no-mask/test/000200,1,science,diagram,diagram_question_answering,image_only_context,question_with_image,multiple_choice,diagram_qa
