concept_id,concept_type,concept_name
category:20th_century_american_history,category,20th century American history
category:adaptations,category,Adaptations
category:adaptations_and_natural_selection,category,Adaptations and natural selection
category:age_of_exploration,category,Age of Exploration
category:analyzing_literature,category,Analyzing literature
category:anatomy_and_physiology,category,Anatomy and physiology
category:ancient_egypt_and_kush,category,Ancient Egypt and Kush
category:ancient_mesopotamia,category,Ancient Mesopotamia
category:ancient_south_asia,category,Ancient South Asia
category:animals,category,Animals
category:asia_society_and_environment,category,Asia: society and environment
category:astronomy,category,Astronomy
category:atoms_and_molecules,category,Atoms and molecules
category:audience_purpose_and_tone,category,"Audience, purpose, and tone"
category:author_s_purpose,category,Author's purpose
category:author_s_purpose_and_tone,category,Author's purpose and tone
category:banking_and_finance,category,Banking and finance
category:basic_economic_principles,category,Basic economic principles
category:biochemistry,category,Biochemistry
category:capitalization,category,Capitalization
category:categories,category,Categories
category:cells,category,Cells
category:chemical_reactions,category,Chemical reactions
category:cities,category,Cities
category:classification,category,Classification
category:classification_and_scientific_names,category,Classification and scientific names
category:climate_change,category,Climate change
category:colonial_america,category,Colonial America
category:comprehension_strategies,category,Comprehension strategies
category:conservation,category,Conservation
category:conservation_and_natural_resources,category,Conservation and natural resources
category:context_clues,category,Context clues
category:creative_techniques,category,Creative techniques
category:cultural_celebrations,category,Cultural celebrations
category:descriptive_details,category,Descriptive details
category:designing_experiments,category,Designing experiments
category:developing_and_supporting_arguments,category,Developing and supporting arguments
category:domain_specific_vocabulary,category,Domain-specific vocabulary
category:early_19th_century_american_history,category,Early 19th century American history
category:early_americas,category,Early Americas
category:early_china,category,Early China
category:early_modern_europe,category,Early Modern Europe
category:earth_events,category,Earth events
category:earth_s_features,category,Earth's features
category:ecological_interactions,category,Ecological interactions
category:economics,category,Economics
category:ecosystems,category,Ecosystems
category:editing_and_revising,category,Editing and revising
category:electricity,category,Electricity
category:engineering_practices,category,Engineering practices
category:english_colonies_in_north_america,category,English colonies in North America
category:force_and_motion,category,Force and motion
category:formatting,category,Formatting
category:fossils,category,Fossils
category:genes_to_traits,category,Genes to traits
category:geography,category,Geography
category:government,category,Government
category:greece,category,Greece
category:heat_and_thermal_energy,category,Heat and thermal energy
category:heredity,category,Heredity
category:historical_figures,category,Historical figures
category:independent_reading_comprehension,category,Independent reading comprehension
category:informational_texts_level_1,category,Informational texts: level 1
category:islamic_empires,category,Islamic empires
category:kinetic_and_potential_energy,category,Kinetic and potential energy
category:literary_devices,category,Literary devices
category:magnets,category,Magnets
category:maps,category,Maps
category:materials,category,Materials
category:medieval_asia,category,Medieval Asia
category:mixtures,category,Mixtures
category:natural_resources_and_human_impacts,category,Natural resources and human impacts
category:oceania_geography,category,Oceania: geography
category:oceans_and_continents,category,Oceans and continents
category:opinion_writing,category,Opinion writing
category:particle_motion_and_energy,category,Particle motion and energy
category:persuasive_strategies,category,Persuasive strategies
category:photosynthesis,category,Photosynthesis
category:phrases_and_clauses,category,Phrases and clauses
category:physical_geography,category,Physical Geography
category:physical_and_chemical_change,category,Physical and chemical change
category:plant_reproduction,category,Plant reproduction
category:plants,category,Plants
category:plate_tectonics,category,Plate tectonics
category:poetry_elements,category,Poetry elements
category:pronouns,category,Pronouns
category:pronouns_and_antecedents,category,Pronouns and antecedents
category:read_alone_texts,category,Read-alone texts
category:reconstruction,category,Reconstruction
category:reference_skills,category,Reference skills
category:research_skills,category,Research skills
category:rhyming,category,Rhyming
category:rocks_and_minerals,category,Rocks and minerals
category:rome_and_the_byzantine_empire,category,Rome and the Byzantine Empire
category:scientific_names,category,Scientific names
category:sentences_fragments_and_run_ons,category,"Sentences, fragments, and run-ons"
category:shades_of_meaning,category,Shades of meaning
category:short_and_long_vowels,category,Short and long vowels
category:social_studies_skills,category,Social studies skills
category:solutions,category,Solutions
category:state_capitals,category,State capitals
category:states,category,States
category:states_of_matter,category,States of matter
category:supply_and_demand,category,Supply and demand
category:text_structure,category,Text structure
category:the_american_revolution,category,The American Revolution
category:the_americas_geography,category,The Americas: geography
category:the_antebellum_period,category,The Antebellum period
category:the_civil_war,category,The Civil War
category:the_civil_war_and_reconstruction,category,The Civil War and Reconstruction
category:the_constitution,category,The Constitution
category:the_early_republic,category,The Early Republic
category:the_jacksonian_period,category,The Jacksonian period
category:the_silk_road,category,The Silk Road
category:thermal_energy,category,Thermal energy
category:topographic_maps,category,Topographic maps
category:traits,category,Traits
category:traits_and_heredity,category,Traits and heredity
category:units_and_measurement,category,Units and measurement
category:velocity_acceleration_and_forces,category,"Velocity, acceleration, and forces"
category:verb_tense,category,Verb tense
category:visual_elements,category,Visual elements
category:water_cycle,category,Water cycle
category:weather_and_climate,category,Weather and climate
category:word_usage_and_nuance,category,Word usage and nuance
category:world_religions,category,World religions
grade:grade1,grade,grade1
grade:grade10,grade,grade10
grade:grade11,grade,grade11
grade:grade12,grade,grade12
grade:grade2,grade,grade2
grade:grade3,grade,grade3
grade:grade4,grade,grade4
grade:grade5,grade,grade5
grade:grade6,grade,grade6
grade:grade7,grade,grade7
grade:grade8,grade,grade8
grade:grade9,grade,grade9
skill:abraham_lincoln,skill,Abraham Lincoln
skill:alexander_the_great,skill,Alexander the Great
skill:amelia_earhart,skill,Amelia Earhart
skill:analyze_data_to_compare_properties_of_planets,skill,Analyze data to compare properties of planets
skill:analyze_models_of_the_earth_sun_moon_system,skill,Analyze models of the Earth-Sun-Moon system
skill:ancient_egypt_the_old_kingdom,skill,Ancient Egypt: the Old Kingdom
skill:ancient_egyptian_religion,skill,Ancient Egyptian religion
skill:angiosperm_and_conifer_life_cycles,skill,Angiosperm and conifer life cycles
skill:animal_adaptations_beaks_mouths_and_necks,skill,"Animal adaptations: beaks, mouths, and necks"
skill:animal_adaptations_feet_and_limbs,skill,Animal adaptations: feet and limbs
skill:animal_adaptations_skins_and_body_coverings,skill,Animal adaptations: skins and body coverings
skill:antebellum_period_abolitionist_and_proslavery_perspectives,skill,Antebellum Period: abolitionist and proslavery perspectives
skill:antebellum_period_economies_of_the_north_and_south,skill,Antebellum Period: economies of the North and South
skill:antebellum_period_slavery_and_politics_part_i,skill,Antebellum Period: slavery and politics part I
skill:antebellum_period_slavery_and_politics_part_ii,skill,Antebellum Period: slavery and politics part II
skill:balanced_and_unbalanced_forces,skill,Balanced and unbalanced forces
skill:banks,skill,Banks
skill:benefits_of_group_behavior_african_wild_dogs,skill,Benefits of group behavior: African wild dogs
skill:benefits_of_group_behavior_leaf_cutter_ants,skill,Benefits of group behavior: leaf-cutter ants
skill:benjamin_franklin,skill,Benjamin Franklin
skill:bill_gates,skill,Bill Gates
skill:body_parts_and_their_functions,skill,Body parts and their functions
skill:body_systems_circulation_and_respiration,skill,Body systems: circulation and respiration
skill:body_systems_digestion,skill,Body systems: digestion
skill:body_systems_perception_and_motion,skill,Body systems: perception and motion
skill:body_systems_removing_waste,skill,Body systems: removing waste
skill:capitalizing_titles,skill,Capitalizing titles
skill:causes_of_the_american_revolution_introduction_to_mercantilism_and_the_navigatio,skill,Causes of the American Revolution: introduction to mercantilism and the Navigation Acts
skill:causes_of_the_american_revolution_politics_and_society,skill,Causes of the American Revolution: politics and society
skill:causes_of_the_american_revolution_the_french_and_indian_war,skill,Causes of the American Revolution: the French and Indian War
skill:causes_of_the_civil_war_dred_scott_to_secession,skill,Causes of the Civil War: Dred Scott to secession
skill:causes_of_the_civil_war_missouri_compromise_to_bleeding_kansas,skill,Causes of the Civil War: Missouri Compromise to Bleeding Kansas
skill:cell_part_functions_true_or_false,skill,Cell part functions: true or false
skill:cesar_chavez,skill,Cesar Chavez
skill:changes_to_earth_s_surface_earthquakes,skill,Changes to Earth's surface: earthquakes
skill:changes_to_earth_s_surface_erosion,skill,Changes to Earth's surface: erosion
skill:changes_to_earth_s_surface_volcanic_eruptions,skill,Changes to Earth's surface: volcanic eruptions
skill:choose_customary_units_of_distance,skill,Choose customary units of distance
skill:choose_customary_units_of_distance_mass_and_volume,skill,"Choose customary units of distance, mass, and volume"
skill:choose_customary_units_of_mass,skill,Choose customary units of mass
skill:choose_customary_units_of_volume,skill,Choose customary units of volume
skill:choose_metric_units_of_distance,skill,Choose metric units of distance
skill:choose_metric_units_of_distance_mass_and_volume,skill,"Choose metric units of distance, mass, and volume"
skill:choose_metric_units_of_mass,skill,Choose metric units of mass
skill:choose_metric_units_of_volume,skill,Choose metric units of volume
skill:choose_the_sensory_details_that_match_the_picture,skill,Choose the sensory details that match the picture
skill:choose_units_of_time,skill,Choose units of time
skill:christmas,skill,Christmas
skill:cities_of_the_midwest,skill,Cities of the Midwest
skill:cities_of_the_northeast,skill,Cities of the Northeast
skill:cities_of_the_southeast,skill,Cities of the Southeast
skill:cities_of_the_west,skill,Cities of the West
skill:classical_athens_geography_and_society,skill,Classical Athens: geography and society
skill:classify_changes_to_earth_s_surface,skill,Classify changes to Earth's surface
skill:classify_changes_to_earth_s_surface_i,skill,Classify changes to Earth's surface I
skill:classify_changes_to_earth_s_surface_ii,skill,Classify changes to Earth's surface II
skill:classify_elementary_substances_and_compounds_using_chemical_formulas,skill,Classify elementary substances and compounds using chemical formulas
skill:classify_elementary_substances_and_compounds_using_models,skill,Classify elementary substances and compounds using models
skill:classify_figures_of_speech,skill,Classify figures of speech
skill:classify_figures_of_speech_euphemism_hyperbole_oxymoron_paradox,skill,"Classify figures of speech: euphemism, hyperbole, oxymoron, paradox"
skill:classify_figures_of_speech_review,skill,Classify figures of speech: review
skill:classify_fruits_and_vegetables_as_plant_parts,skill,Classify fruits and vegetables as plant parts
skill:classify_logical_fallacies,skill,Classify logical fallacies
skill:classify_matter_as_solid_or_liquid,skill,Classify matter as solid or liquid
skill:classify_matter_as_solid_liquid_or_gas,skill,"Classify matter as solid, liquid, or gas"
skill:classify_rocks_as_igneous_sedimentary_or_metamorphic,skill,"Classify rocks as igneous, sedimentary, or metamorphic"
skill:classify_symbiotic_relationships,skill,Classify symbiotic relationships
skill:classify_the_figure_of_speech_anaphora_antithesis_apostrophe_assonance_chiasmus_,skill,"Classify the figure of speech: anaphora, antithesis, apostrophe, assonance, chiasmus, understatement"
skill:classify_the_figure_of_speech_euphemism_hyperbole_oxymoron_paradox,skill,"Classify the figure of speech: euphemism, hyperbole, oxymoron, paradox"
skill:classify_the_figure_of_speech_review,skill,Classify the figure of speech: review
skill:compare_ages_of_fossils_in_a_rock_sequence,skill,Compare ages of fossils in a rock sequence
skill:compare_ancient_and_modern_organisms_use_observations_to_support_a_hypothesis,skill,Compare ancient and modern organisms: use observations to support a hypothesis
skill:compare_cells_and_cell_parts,skill,Compare cells and cell parts
skill:compare_concentrations_of_solutions,skill,Compare concentrations of solutions
skill:compare_fossils_to_modern_organisms,skill,Compare fossils to modern organisms
skill:compare_magnitudes_of_magnetic_forces,skill,Compare magnitudes of magnetic forces
skill:compare_physical_and_chemical_changes,skill,Compare physical and chemical changes
skill:compare_plant_and_animal_cells,skill,Compare plant and animal cells
skill:compare_properties_of_materials,skill,Compare properties of materials
skill:compare_properties_of_objects,skill,Compare properties of objects
skill:compare_strengths_of_magnetic_forces,skill,Compare strengths of magnetic forces
skill:compare_the_speeds_of_moving_objects,skill,Compare the speeds of moving objects
skill:compare_thermal_energy_transfers,skill,Compare thermal energy transfers
skill:compare_urban_suburban_and_rural_areas,skill,"Compare urban, suburban, and rural areas"
skill:comparing_athens_and_sparta_part_ii,skill,Comparing Athens and Sparta: part II
skill:coral_reef_biodiversity_and_human_uses_explore_a_problem,skill,Coral reef biodiversity and human uses: explore a problem
skill:costs_and_benefits,skill,Costs and benefits
skill:country_profile_china,skill,Country profile: China
skill:describe_and_construct_conifer_life_cycles,skill,Describe and construct conifer life cycles
skill:describe_and_construct_flowering_plant_life_cycles,skill,Describe and construct flowering plant life cycles
skill:describe_and_graph_water_on_earth,skill,Describe and graph water on Earth
skill:describe_ecosystems,skill,Describe ecosystems
skill:describe_energy_changes_in_chemical_reactions,skill,Describe energy changes in chemical reactions
skill:describe_populations_communities_and_ecosystems,skill,"Describe populations, communities, and ecosystems"
skill:describe_tectonic_plate_boundaries_around_the_world,skill,Describe tectonic plate boundaries around the world
skill:describe_the_effects_of_gene_mutations_on_organisms,skill,Describe the effects of gene mutations on organisms
skill:describe_classify_and_compare_kingdoms,skill,"Describe, classify, and compare kingdoms"
skill:determine_the_meaning_of_domain_specific_words_with_pictures,skill,Determine the meaning of domain-specific words with pictures
skill:diffusion_across_membranes,skill,Diffusion across membranes
skill:distinguish_facts_from_opinions,skill,Distinguish facts from opinions
skill:día_de_los_muertos,skill,Día de los Muertos
skill:early_chinese_thought,skill,Early Chinese thought
skill:early_islamic_caliphates,skill,Early Islamic caliphates
skill:early_mesopotamia,skill,Early Mesopotamia
skill:early_roman_society_and_politics,skill,Early Roman society and politics
skill:easter,skill,Easter
skill:estimate_temperatures,skill,Estimate temperatures
skill:evaluate_claims_about_natural_resource_use_fossil_fuels,skill,Evaluate claims about natural resource use: fossil fuels
skill:evaluate_claims_about_natural_resource_use_groundwater,skill,Evaluate claims about natural resource use: groundwater
skill:evaluate_multiple_design_solutions_to_prevent_flooding,skill,Evaluate multiple design solutions to prevent flooding
skill:evaluate_natural_energy_sources,skill,Evaluate natural energy sources
skill:evaluate_tests_of_engineering_design_solutions,skill,Evaluate tests of engineering-design solutions
skill:explore_air_masses,skill,Explore air masses
skill:explore_chemical_structure_and_properties_food_flavors,skill,Explore chemical structure and properties: food flavors
skill:explore_chemical_structure_and_properties_soapmaking,skill,Explore chemical structure and properties: soapmaking
skill:explore_energy_transformations_bike_ride,skill,Explore energy transformations: bike ride
skill:explore_energy_transformations_roller_coaster_ride,skill,Explore energy transformations: roller coaster ride
skill:explore_words_with_new_or_contested_usages,skill,Explore words with new or contested usages
skill:federal_government,skill,Federal government
skill:find_evidence_of_changes_to_earth_s_surface,skill,Find evidence of changes to Earth's surface
skill:formatting_titles,skill,Formatting titles
skill:foundations_of_aztec_civilization,skill,Foundations of Aztec civilization
skill:foundations_of_inca_civilization,skill,Foundations of Inca civilization
skill:foundations_of_maya_civilization,skill,Foundations of Maya civilization
skill:frederick_douglass,skill,Frederick Douglass
skill:french_and_english_expeditions_part_i,skill,French and English expeditions: part I
skill:genes_proteins_and_traits_understanding_the_genetic_code,skill,"Genes, proteins, and traits: understanding the genetic code"
skill:genetics_vocabulary_dominant_and_recessive,skill,Genetics vocabulary: dominant and recessive
skill:genetics_vocabulary_genotype_and_phenotype,skill,Genetics vocabulary: genotype and phenotype
skill:george_washington_carver,skill,George Washington Carver
skill:goods_and_services,skill,Goods and services
skill:greetings_and_closings_of_letters,skill,Greetings and closings of letters
skill:hanukkah,skill,Hanukkah
skill:harriet_tubman,skill,Harriet Tubman
skill:holi,skill,Holi
skill:how_are_temperature_and_mass_related_to_thermal_energy,skill,How are temperature and mass related to thermal energy?
skill:how_can_animal_behaviors_affect_reproductive_success_identify_evidence_to_suppor,skill,How can animal behaviors affect reproductive success? Identify evidence to support a claim
skill:how_do_air_masses_form,skill,How do air masses form?
skill:how_do_balanced_and_unbalanced_forces_affect_motion,skill,How do balanced and unbalanced forces affect motion?
skill:how_do_flowering_plants_make_new_plants,skill,How do flowering plants make new plants?
skill:how_do_mass_and_force_affect_motion,skill,How do mass and force affect motion?
skill:how_do_plants_make_food,skill,How do plants make food?
skill:how_do_plants_use_and_change_energy,skill,How do plants use and change energy?
skill:how_do_rock_layers_form,skill,How do rock layers form?
skill:how_do_sedimentary_rocks_form,skill,How do sedimentary rocks form?
skill:how_does_particle_motion_affect_gas_pressure,skill,How does particle motion affect gas pressure?
skill:how_is_temperature_related_to_thermal_energy,skill,How is temperature related to thermal energy?
skill:human_organs_and_their_functions,skill,Human organs and their functions
skill:identify_and_classify_fossils,skill,Identify and classify fossils
skill:identify_and_compare_air_masses,skill,Identify and compare air masses
skill:identify_and_select_countries_of_oceania,skill,Identify and select countries of Oceania
skill:identify_and_select_countries_of_the_caribbean,skill,Identify and select countries of the Caribbean
skill:identify_and_sort_solids_liquids_and_gases,skill,"Identify and sort solids, liquids, and gases"
skill:identify_animals_with_and_without_backbones,skill,Identify animals with and without backbones
skill:identify_appeals_to_ethos_pathos_and_logos_in_advertisements,skill,"Identify appeals to ethos, pathos, and logos in advertisements"
skill:identify_changes_in_gravitational_potential_energy,skill,Identify changes in gravitational potential energy
skill:identify_chemical_formulas_for_ball_and_stick_models,skill,Identify chemical formulas for ball-and-stick models
skill:identify_common_and_scientific_names,skill,Identify common and scientific names
skill:identify_control_and_experimental_groups,skill,Identify control and experimental groups
skill:identify_directions_of_forces,skill,Identify directions of forces
skill:identify_ecosystems,skill,Identify ecosystems
skill:identify_elementary_substances_and_compounds_using_chemical_formulas,skill,Identify elementary substances and compounds using chemical formulas
skill:identify_elementary_substances_and_compounds_using_models,skill,Identify elementary substances and compounds using models
skill:identify_elements_of_poetry,skill,Identify elements of poetry
skill:identify_facts_and_opinions,skill,Identify facts and opinions
skill:identify_functions_of_animal_cell_parts,skill,Identify functions of animal cell parts
skill:identify_functions_of_plant_cell_parts,skill,Identify functions of plant cell parts
skill:identify_how_particle_motion_affects_temperature_and_pressure,skill,Identify how particle motion affects temperature and pressure
skill:identify_independent_and_dependent_variables,skill,Identify independent and dependent variables
skill:identify_inherited_and_acquired_traits,skill,Identify inherited and acquired traits
skill:identify_living_and_nonliving_things,skill,Identify living and nonliving things
skill:identify_magnets_that_attract_or_repel,skill,Identify magnets that attract or repel
skill:identify_mammals_birds_fish_reptiles_and_amphibians,skill,"Identify mammals, birds, fish, reptiles, and amphibians"
skill:identify_materials_in_objects,skill,Identify materials in objects
skill:identify_minerals_using_properties,skill,Identify minerals using properties
skill:identify_mixtures,skill,Identify mixtures
skill:identify_multiple_materials_in_objects,skill,Identify multiple materials in objects
skill:identify_oceans_and_continents,skill,Identify oceans and continents
skill:identify_phases_of_the_moon,skill,Identify phases of the Moon
skill:identify_physical_and_chemical_changes,skill,Identify physical and chemical changes
skill:identify_plagiarism,skill,Identify plagiarism
skill:identify_plants_and_animals,skill,Identify plants and animals
skill:identify_primary_and_secondary_sources,skill,Identify primary and secondary sources
skill:identify_properties_of_an_object,skill,Identify properties of an object
skill:identify_pushes_and_pulls,skill,Identify pushes and pulls
skill:identify_questions_that_can_be_investigated_with_a_set_of_materials,skill,Identify questions that can be investigated with a set of materials
skill:identify_reactants_and_products,skill,Identify reactants and products
skill:identify_rocks_and_minerals,skill,Identify rocks and minerals
skill:identify_rocks_using_properties,skill,Identify rocks using properties
skill:identify_roles_in_food_chains,skill,Identify roles in food chains
skill:identify_run_on_sentences,skill,Identify run-on sentences
skill:identify_sentence_fragments,skill,Identify sentence fragments
skill:identify_shortage_and_surplus,skill,Identify shortage and surplus
skill:identify_similes_and_metaphors,skill,Identify similes and metaphors
skill:identify_solids_and_liquids,skill,Identify solids and liquids
skill:identify_solids_liquids_and_gases,skill,"Identify solids, liquids, and gases"
skill:identify_state_capitals_of_the_midwest,skill,Identify state capitals of the Midwest
skill:identify_state_capitals_of_the_northeast,skill,Identify state capitals of the Northeast
skill:identify_state_capitals_of_the_southeast,skill,Identify state capitals of the Southeast
skill:identify_state_capitals_of_the_west,skill,Identify state capitals of the West
skill:identify_states_of_the_midwest,skill,Identify states of the Midwest
skill:identify_states_of_the_northeast,skill,Identify states of the Northeast
skill:identify_states_of_the_southeast,skill,Identify states of the Southeast
skill:identify_text_structures,skill,Identify text structures
skill:identify_the_50_state_capitals,skill,Identify the 50 state capitals
skill:identify_the_50_states,skill,Identify the 50 states
skill:identify_the_thirteen_colonies,skill,Identify the Thirteen Colonies
skill:identify_the_best_design_solution_to_prevent_hurricane_damage,skill,Identify the best design solution to prevent hurricane damage
skill:identify_the_experimental_question,skill,Identify the experimental question
skill:identify_the_photosynthetic_organism,skill,Identify the photosynthetic organism
skill:identify_the_purpose_of_a_text,skill,Identify the purpose of a text
skill:identify_vague_pronoun_references,skill,Identify vague pronoun references
skill:identify_vertebrates_and_invertebrates,skill,Identify vertebrates and invertebrates
skill:identify_whether_objects_are_accelerating,skill,Identify whether objects are accelerating
skill:inherited_and_acquired_traits_use_evidence_to_support_a_statement,skill,Inherited and acquired traits: use evidence to support a statement
skill:international_organizations,skill,International organizations
skill:interpret_evidence_from_fossils_in_rock_layers,skill,Interpret evidence from fossils in rock layers
skill:interpret_figures_of_speech,skill,Interpret figures of speech
skill:interpret_food_webs,skill,Interpret food webs
skill:interpret_food_webs_i,skill,Interpret food webs I
skill:interpret_food_webs_ii,skill,Interpret food webs II
skill:interpret_the_figure_of_speech,skill,Interpret the figure of speech
skill:introduction_to_adaptations,skill,Introduction to adaptations
skill:introduction_to_fossils,skill,Introduction to fossils
skill:introduction_to_natural_selection,skill,Introduction to natural selection
skill:introduction_to_static_electricity_and_charged_objects,skill,Introduction to static electricity and charged objects
skill:investigate_primary_succession_on_a_volcanic_island,skill,Investigate primary succession on a volcanic island
skill:is_it_a_complete_sentence_or_a_run_on,skill,Is it a complete sentence or a run-on?
skill:is_it_a_complete_sentence_a_fragment_or_a_run_on,skill,"Is it a complete sentence, a fragment, or a run-on?"
skill:is_the_sentence_declarative_interrogative_imperative_or_exclamatory,skill,"Is the sentence declarative, interrogative, imperative, or exclamatory?"
skill:is_the_sentence_in_the_past_present_or_future_tense,skill,"Is the sentence in the past, present, or future tense?"
skill:is_the_sentence_simple_or_compound,skill,Is the sentence simple or compound?
skill:is_the_sentence_simple_compound_complex_or_compound_complex,skill,"Is the sentence simple, compound, complex, or compound-complex?"
skill:is_the_sentence_simple_compound_or_complex,skill,"Is the sentence simple, compound, or complex?"
skill:is_the_syllable_open_or_closed,skill,Is the syllable open or closed?
skill:jackie_robinson,skill,Jackie Robinson
skill:jamestown_growth_of_a_colony,skill,Jamestown: growth of a colony
skill:jamestown_the_early_years,skill,Jamestown: the early years
skill:john_deere,skill,John Deere
skill:kwanzaa,skill,Kwanzaa
skill:life_as_a_colonist,skill,Life as a colonist
skill:local_government,skill,Local government
skill:lunar_new_year,skill,Lunar New Year
skill:major_u_s_cities,skill,Major U.S. cities
skill:martin_luther_king_jr,skill,"Martin Luther King, Jr."
skill:match_chemical_formulas_to_ball_and_stick_models,skill,Match chemical formulas to ball-and-stick models
skill:medieval_japan,skill,Medieval Japan
skill:mesopotamian_empires,skill,Mesopotamian empires
skill:middle_colonies_founding_and_government,skill,Middle Colonies: founding and government
skill:middle_colonies_economy_and_society,skill,Middle colonies: economy and society
skill:middle_colonies_founding_and_government,skill,Middle colonies: founding and government
skill:moss_and_fern_life_cycles,skill,Moss and fern life cycles
skill:natural_resources,skill,Natural resources
skill:neil_armstrong,skill,Neil Armstrong
skill:new_england_colonies_founding_and_government,skill,New England Colonies: founding and government
skill:new_england_colonies_economy_and_conflict,skill,New England colonies: economy and conflict
skill:new_england_colonies_religion_and_government,skill,New England colonies: religion and government
skill:oceans_and_continents,skill,Oceans and continents
skill:origins_of_buddhism,skill,Origins of Buddhism
skill:origins_of_christianity,skill,Origins of Christianity
skill:origins_of_hinduism,skill,Origins of Hinduism
skill:origins_of_judaism,skill,Origins of Judaism
skill:origins_of_scientific_names,skill,Origins of scientific names
skill:paul_revere,skill,Paul Revere
skill:plymouth,skill,Plymouth
skill:pollinator_indian_flying_fox,skill,Pollinator: Indian flying fox
skill:pollinator_ruby_throated_hummingbird,skill,Pollinator: ruby-throated hummingbird
skill:portuguese_and_spanish_expeditions_part_ii,skill,Portuguese and Spanish expeditions: part II
skill:positive_and_negative_connotation,skill,Positive and negative connotation
skill:predict_forces_using_newton_s_third_law,skill,Predict forces using Newton's third law
skill:presidential_elections,skill,Presidential elections
skill:purpose_of_government,skill,Purpose of government
skill:radical_reconstruction,skill,Radical Reconstruction
skill:ramadan,skill,Ramadan
skill:read_a_map_cardinal_directions,skill,Read a map: cardinal directions
skill:read_a_thermometer,skill,Read a thermometer
skill:read_a_topographic_map,skill,Read a topographic map
skill:read_and_understand_informational_passages,skill,Read and understand informational passages
skill:read_graphic_organizers,skill,Read graphic organizers
skill:read_passages_about_animals,skill,Read passages about animals
skill:reading_and_creating_timelines_with_bce_and_ce,skill,Reading and creating timelines with BCE and CE
skill:recall_the_source_of_an_allusion,skill,Recall the source of an allusion
skill:reconstruction,skill,Reconstruction
skill:rosa_parks,skill,Rosa Parks
skill:rosh_hashanah,skill,Rosh Hashanah
skill:science_and_technology_in_early_china,skill,Science and technology in early China
skill:science_literacy_how_does_the_nervous_system_produce_phantom_pain,skill,Science literacy: how does the nervous system produce phantom pain?
skill:seed_disperser_african_elephant,skill,Seed disperser: African elephant
skill:seed_disperser_eurasian_red_squirrel,skill,Seed disperser: Eurasian red squirrel
skill:seed_disperser_common_ostrich,skill,Seed disperser: common ostrich
skill:select_the_words_that_don_t_belong,skill,Select the words that don't belong
skill:sitting_bull,skill,Sitting Bull
skill:source_analysis_the_declaration_of_independence,skill,Source analysis: the Declaration of Independence
skill:source_analysis_the_gettysburg_address,skill,Source analysis: the Gettysburg Address
skill:southern_colonies_founding_and_government,skill,Southern Colonies: founding and government
skill:southern_colonies_economy_and_slavery,skill,Southern colonies: economy and slavery
skill:state_and_local_government,skill,State and local government
skill:state_government,skill,State government
skill:structure_and_function_carbohydrates_lipids_proteins_and_nucleic_acids,skill,"Structure and function: carbohydrates, lipids, proteins, and nucleic acids"
skill:suggest_appropriate_revisions,skill,Suggest appropriate revisions
skill:susan_b_anthony,skill,Susan B. Anthony
skill:tariff_nullification_and_bank_war,skill,"Tariff, nullification, and bank war"
skill:thanksgiving,skill,Thanksgiving
skill:the_american_revolution_new_british_taxes,skill,The American Revolution: New British taxes
skill:the_american_revolution_conclusion_and_aftermath,skill,The American Revolution: conclusion and aftermath
skill:the_american_revolution_preparing_for_war,skill,The American Revolution: preparing for war
skill:the_american_revolution_struggle_for_independence,skill,The American Revolution: struggle for independence
skill:the_american_revolution_the_thirteen_colonies_under_british_rule,skill,The American Revolution: the Thirteen Colonies under British rule
skill:the_american_revolution_the_rebellion_begins,skill,The American Revolution: the rebellion begins
skill:the_articles_of_confederation,skill,The Articles of Confederation
skill:the_bill_of_rights,skill,The Bill of Rights
skill:the_civil_war_the_first_battle_of_bull_run_to_gettysburg,skill,The Civil War: the First Battle of Bull Run to Gettysburg
skill:the_civil_war_the_beginning_of_the_war,skill,The Civil War: the beginning of the war
skill:the_civil_war_the_end_of_the_war,skill,The Civil War: the end of the war
skill:the_civil_war_war_tactics_and_the_home_front,skill,The Civil War: war tactics and the home front
skill:the_columbian_exchange,skill,The Columbian Exchange
skill:the_constitution,skill,The Constitution
skill:the_constitutional_convention,skill,The Constitutional Convention
skill:the_executive_branch,skill,The Executive Branch
skill:the_great_depression_part_i,skill,The Great Depression: part I
skill:the_great_depression_part_ii,skill,The Great Depression: part II
skill:the_judicial_branch,skill,The Judicial Branch
skill:the_legislative_branch,skill,The Legislative Branch
skill:the_lewis_and_clark_expedition,skill,The Lewis and Clark Expedition
skill:the_louisiana_purchase,skill,The Louisiana Purchase
skill:the_mauryan_empire,skill,The Mauryan Empire
skill:the_mongol_empire,skill,The Mongol Empire
skill:the_new_deal,skill,The New Deal
skill:the_reformation,skill,The Reformation
skill:the_revolutionary_war_conclusion_and_aftermath,skill,The Revolutionary War: conclusion and aftermath
skill:the_revolutionary_war_preparing_for_war,skill,The Revolutionary War: preparing for war
skill:the_revolutionary_war_struggle_for_independence,skill,The Revolutionary War: struggle for independence
skill:the_roman_republic_part_ii,skill,The Roman Republic: part II
skill:the_u_s_mexican_war,skill,The U.S.-Mexican War
skill:the_war_of_1812_causes,skill,The War of 1812: causes
skill:the_war_of_1812_events_and_effects,skill,The War of 1812: events and effects
skill:the_abolitionists,skill,The abolitionists
skill:the_ancient_silk_road_geography_and_transportation,skill,The ancient Silk Road: geography and transportation
skill:the_beginnings_of_rome,skill,The beginnings of Rome
skill:the_end_of_reconstruction_and_the_rise_of_jim_crow,skill,The end of Reconstruction and the rise of Jim Crow
skill:the_fall_of_the_western_roman_empire,skill,The fall of the Western Roman Empire
skill:the_first_party_system_federalists_and_democratic_republicans,skill,The first party system: Federalists and Democratic-Republicans
skill:the_greenhouse_effect,skill,The greenhouse effect
skill:the_medieval_silk_road,skill,The medieval Silk Road
skill:theodore_roosevelt,skill,Theodore Roosevelt
skill:thomas_edison,skill,Thomas Edison
skill:thomas_jefferson,skill,Thomas Jefferson
skill:thurgood_marshall,skill,Thurgood Marshall
skill:trade_and_specialization,skill,Trade and specialization
skill:understand_a_works_cited_entry_mla_7th_edition,skill,Understand a Works Cited entry (MLA 7th edition)
skill:understand_overall_supply_and_demand,skill,Understand overall supply and demand
skill:understanding_cells,skill,Understanding cells
skill:understanding_the_chemistry_of_cellular_respiration,skill,Understanding the chemistry of cellular respiration
skill:use_punnett_squares_to_calculate_probabilities_of_offspring_types,skill,Use Punnett squares to calculate probabilities of offspring types
skill:use_punnett_squares_to_calculate_ratios_of_offspring_types,skill,Use Punnett squares to calculate ratios of offspring types
skill:use_a_letter_number_grid,skill,Use a letter-number grid
skill:use_climate_data_to_make_predictions,skill,Use climate data to make predictions
skill:use_evidence_to_classify_animals,skill,Use evidence to classify animals
skill:use_evidence_to_classify_mammals_birds_fish_reptiles_and_amphibians,skill,"Use evidence to classify mammals, birds, fish, reptiles, and amphibians"
skill:use_guide_words,skill,Use guide words
skill:use_lines_of_latitude_and_longitude,skill,Use lines of latitude and longitude
skill:use_personification,skill,Use personification
skill:use_scientific_names_to_classify_organisms,skill,Use scientific names to classify organisms
skill:water_on_earth,skill,Water on Earth
skill:weather_and_climate_around_the_world,skill,Weather and climate around the world
skill:what_am_i,skill,What am I?
skill:what_are_atoms_and_chemical_elements,skill,What are atoms and chemical elements?
skill:what_is_economics,skill,What is economics?
skill:what_s_the_difference_between_weather_and_climate,skill,What's the difference between weather and climate?
skill:which_sentence_is_more_formal,skill,Which sentence is more formal?
skill:which_text_is_most_formal,skill,Which text is most formal?
skill:which_word_does_not_rhyme,skill,Which word does not rhyme?
skill:which_word_is_not_like_the_others,skill,Which word is not like the others?
skill:world_war_i_events_of_the_war,skill,World War I: events of the war
skill:world_war_i_the_road_to_peace,skill,World War I: the road to peace
skill:world_war_i_the_road_to_war,skill,World War I: the road to war
skill:world_war_i_the_war_begins,skill,World War I: the war begins
skill:world_war_ii_global_events,skill,World War II: global events
skill:world_war_ii_lead_up_to_war_in_europe_asia,skill,"World War II: lead-up to war in Europe, Asia"
subject:language_science,subject,language science
subject:natural_science,subject,natural science
subject:social_science,subject,social science
topic:biology,topic,biology
topic:capitalization,topic,capitalization
topic:chemistry,topic,chemistry
topic:civics,topic,civics
topic:culture,topic,culture
topic:earth_science,topic,earth-science
topic:economics,topic,economics
topic:figurative_language,topic,figurative-language
topic:geography,topic,geography
topic:global_studies,topic,global-studies
topic:grammar,topic,grammar
topic:literacy_in_science,topic,literacy-in-science
topic:phonological_awareness,topic,phonological-awareness
topic:physics,topic,physics
topic:pronouns,topic,pronouns
topic:punctuation,topic,punctuation
topic:reading_comprehension,topic,reading-comprehension
topic:reference_skills,topic,reference-skills
topic:science_and_engineering_practices,topic,science-and-engineering-practices
topic:units_and_measurement,topic,units-and-measurement
topic:us_history,topic,us-history
topic:verbs,topic,verbs
topic:vocabulary,topic,vocabulary
topic:word_study,topic,word-study
topic:world_history,topic,world-history
topic:writing_strategies,topic,writing-strategies
